city,state,country
Agra,Uttar Pradesh,India
Ahmedabad,Gujarat,India
Allahabad,Uttar Pradesh,India
Amravati,Maharashtra,India
Amritsar,Punjab,India
Aurangabad,Maharashtra,India
Bangalore,Karnataka,India
Belagavi,Karnataka,India
Belgaum,Karnataka,India
Bengaluru,Karnataka,India
Bhavnagar,Gujarat,India
Bhilai,Chhattisgarh,India
Bhopal,Madhya Pradesh,India
Bhubaneswar,Odisha,India
Chandigarh,Chandigarh,India
Chennai,Tamil Nadu,India
Chhatrapati Sambhajinagar,Maharashtra,India
Cochin,Kerala,India
Coimbatore,Tamil Nadu,India
Cuttack,Odisha,India
Dehradun,Uttarakhand,India
Delhi,Delhi,India
Faridabad,Haryana,India
Gandhinagar,Gujarat,India
Gaya,Bihar,India
Ghaziabad,Uttar Pradesh,India
Greater Noida,Uttar Pradesh,India
Gurgaon,Haryana,India
Gurugram,Haryana,India
Guwahati,Assam,India
Gwalior,Madhya Pradesh,India
Haridwar,Uttarakhand,India
Hubballi,Karnataka,India
Hubli,Karnataka,India
Hyderabad,Telangana,India
Indore,Madhya Pradesh,India
Jabalpur,Madhya Pradesh,India
Jaipur,Rajasthan,India
Jalandhar,Punjab,India
Jammu,Jammu and Kashmir,India
Jamshedpur,Jharkhand,India
Jodhpur,Rajasthan,India
Kanpur,Uttar Pradesh,India
Kochi,Kerala,India
Kolhapur,Maharashtra,India
Kolkata,West Bengal,India
Kota,Rajasthan,India
Kozhikode,Kerala,India
Lucknow,Uttar Pradesh,India
Ludhiana,Punjab,India
Madurai,Tamil Nadu,India
Mangalore,Karnataka,India
Mangaluru,Karnataka,India
Meerut,Uttar Pradesh,India
Mohali,Punjab,India
Mumbai,Maharashtra,India
Mysore,Karnataka,India
Mysuru,Karnataka,India
Nagpur,Maharashtra,India
Nashik,Maharashtra,India
Navi Mumbai,Maharashtra,India
New Delhi,Delhi,India
Noida,Uttar Pradesh,India
Panaji,Goa,India
Panipat,Haryana,India
Patna,Bihar,India
Pondicherry,Puducherry,India
Prayagraj,Uttar Pradesh,India
Puducherry,Puducherry,India
Pune,Maharashtra,India
Raipur,Chhattisgarh,India
Rajkot,Gujarat,India
Ranchi,Jharkhand,India
Rourkela,Odisha,India
Salem,Tamil Nadu,India
Sangli,Maharashtra,India
Shimla,Himachal Pradesh,India
Siliguri,West Bengal,India
Solapur,Maharashtra,India
Srinagar,Jammu and Kashmir,India
Surat,Gujarat,India
Thane,Maharashtra,India
Thiruvananthapuram,Kerala,India
Tiruchirappalli,Tamil Nadu,India
Tirupati,Andhra Pradesh,India
Tiruppur,Tamil Nadu,India
Trivandrum,Kerala,India
Udaipur,Rajasthan,India
Vadodara,Gujarat,India
Varanasi,Uttar Pradesh,India
Vijayawada,Andhra Pradesh,India
Visakhapatnam,Andhra Pradesh,India
Vizag,Andhra Pradesh,India
Warangal,Telangana,India
