job_title,job_url
Data Analyst,https://www.naukri.com/job-listings-data-analyst-capgemini-technology-services-india-limited-bengaluru-0-to-5-years-010926914859
Data Analyst,https://www.naukri.com/job-listings-data-analyst-tata-consultancy-services-gurugram-6-to-11-years-250826007901
Data Analyst,https://www.naukri.com/job-listings-data-analyst-hdfc-bank-mumbai-5-to-10-years-070926004033
Data Analyst (English Required),https://www.naukri.com/job-listings-data-analyst-english-required-peroptyx-mumbai-all-areas-0-to-5-years-110926024557
Data Analyst,https://www.naukri.com/job-listings-data-analyst-thyrocare-bengaluru-1-to-3-years-100926013955
DATA ANALYST,https://www.naukri.com/job-listings-data-analyst-godigi-infotech-pune-0-to-1-years-130126506831
Data Analyst,https://www.naukri.com/job-listings-data-analyst-ava-technology-hybrid-0-to-2-years-150926502828
Data Analyst,https://www.naukri.com/job-listings-data-analyst-wissenpro-it-solutions-pune-4-to-9-years-040726011583
Data Analyst,https://www.naukri.com/job-listings-data-analyst-jones-lang-lasalle-bengaluru-0-to-6-years-110926503875
Data Analyst,https://www.naukri.com/job-listings-data-analyst-aithent-tiruchirappalli-3-to-5-years-170926035144
Data Analyst,https://www.naukri.com/job-listings-data-analyst-doosrigaadservices-bengaluru-0-to-3-years-070926028700
ESG Data Analyst,https://www.naukri.com/job-listings-esg-data-analyst-suntec-india-new-delhi-0-to-2-years-170926022719
Data Analyst,https://www.naukri.com/job-listings-data-analyst-viaprom-technologies-pvt-ltd-bengaluru-2-to-5-years-160926933709
Data Analyst,https://www.naukri.com/job-listings-data-analyst-makkah-hypermarkets-kozhikode-0-to-4-years-140926017124
Data Analyst,https://www.naukri.com/job-listings-data-analyst-viaprom-technologies-pvt-ltd-bengaluru-2-to-5-years-170926922269
Data Analyst,https://www.naukri.com/job-listings-data-analyst-extension-technologies-faridabad-faridabad-0-to-4-years-170926027097
Data Analyst,https://www.naukri.com/job-listings-data-analyst-optum-global-solutions-india-private-limited-hyderabad-2-to-7-years-180926922542
Data Analyst,https://www.naukri.com/job-listings-data-analyst-selco-foundation-bengaluru-3-to-5-years-170926013488
Data Analyst,https://www.naukri.com/job-listings-data-analyst-randstad-hyderabad-5-to-10-years-160926012913
Data Analyst,https://www.naukri.com/job-listings-data-analyst-brilliant-info-system-pvt-ltd-pune-1-to-4-years-180926501102
