job_title,company,location,experience,salary,job_description,key_skills,posted,rating,reviews,job_url,scrape_date
Data Analyst,Capgemini,Bengaluru,0 - 5 years,Not Disclosed,"Job Description


Works in the area of Software Engineering, which encompasses the development, maintenance and optimization of software solutions/applications.
1. Applies scientific methods to analyse and solve software engineering problems.
2. He/she is responsible for the development and application of software engineering practice and knowledge, in research, design, development and maintenance.
3. His/her work requires the exercise of original thought and judgement and the ability to supervise the technical and administrative work of other software engineers.
4. The software engineer builds skills and expertise of his/her software engineering discipline to reach standard software engineer skills expectations for the applicable role, as defined in Professional Communities.
5. The software engineer collaborates and acts as team player with other software engineers and stakeholders.




Job Description - Grade Specific

Has more than a year of relevant work experience. Solid understanding of programming concepts, software design and software development principles. Consistently works to direction with minimal supervision, producing accurate and reliable results. Individuals are expected to be able to work on a range of tasks and problems, demonstrating their ability to apply their skills and knowledge. Organises own time to deliver against tasks set by others with a mid term horizon. Works co-operatively with others to achieve team goals and has a direct and positive impact on project performance and make decisions based on their understanding of the situation, not just the rules.","Data Analyst, Software Development, Software Engineering, Programming, Software Engineer, Maintenance, Research, Software Design, Software Solutions",2 weeks ago,3.6,57.4K Reviews,https://www.naukri.com/job-listings-data-analyst-capgemini-technology-services-india-limited-bengaluru-0-to-5-years-010926914859,2026-09-19
Data Analyst,Tata Consultancy Services,Gurugram,6 - 11 years,Not Disclosed,"Roles and Responsibilities


Develop and maintain data models using Erwin/Snowflake to support business intelligence initiatives.

Collaborate with stakeholders to gather requirements for reporting needs, ensuring alignment with business objectives.

Provide expert-level support for Power BI reports and dashboards.

Utilize SQL skills to query large datasets and identify trends or patterns that inform business decisions.

Design, develop, and implement data warehousing solutions using Informatica ETL tools to extract, transform, and load (ETL) processes.","Power BI, Data Analytics, Stakeholder Management",3 weeks ago,3.2,121.6K Reviews,https://www.naukri.com/job-listings-data-analyst-tata-consultancy-services-gurugram-6-to-11-years-250826007901,2026-09-19
Data Analyst,Hdfc Bank,Mumbai,5 - 10 years,Not Disclosed,"Job Name - Data Analyst

Experience - 5 - 12 Years

Location - Mumbai (Andheri)




Job Purpose

The purpose of the role is to ensure that the discipline of Data Governance is driven throughout the Bank. The person will be responsible for developing data artifacts, monitoring and reporting on the Banks data related policies, standards, practices, processes and ensure adherence to the same.




Key Responsibility Areas :




Monitoring of Data Management/Governance Policies, Procedures, Processes, Standards and Control

Providing inputs and recommendation on Data practices, Data definitions and Data Quality

Escalation of any data governance related issues identified to the senior leadership

Ensuring timely action and response to relevant Data Owner and Data Originator/User

Facilitating and /or conducting audits to ensure that Policies, Procedures, Processes and Standards to ensure they are implemented in letter and spirit.

Support and Drive on implementation of data governance tool and helping the business to adhere and follow the data practices




Key Skills:




SQL / Java / Python / Data Governance

Drive for results and follow up for closure.
Attention to details
Operations management
Good oral and written communication skills
Knowledge of Data Management and Data Governance concepts Metadata, lineage, data quality, etc.","Data Analysis, Java, Data Quality, Data Lineage, Data Management, Metadata, Data Governance, SQL, Python",1 week ago,3.8,57K Reviews,https://www.naukri.com/job-listings-data-analyst-hdfc-bank-mumbai-5-to-10-years-070926004033,2026-09-19
Data Analyst (English Required),Peroptyx,Mumbai (All Areas),0 - 5 years,Not Disclosed,"For thousands of years, maps have provided humans with the knowledge they need to make decisions. As a Maps Evaluator, you will have the opportunity to provide ground truth for your town, city or country.




At Peroptyx, we are looking for Data Analysts who will review mapping data for digital mapping applications. Your research capabilities will validate and ensure that the navigation of certain routes are accurate and safe.

As part of this role you will verify that business names and opening hours are correct. You will check that the distance from a starting point to an end destination is listed accurately resulting in better user experiences.




With this job you can plan your days around this highly flexible working schedule, work weekends or late evenings, all from the comfort of your own office. The flexibility of our roles minimizes the impact on your daily routine.

So, whether you are a student looking to earn as you learn, a retiree looking for a new challenge a part-time/full time professional or a work from home parent, Peroptyx has the right role for you!




Ideal Candidate

Fluent in English (Strictly Required)
Excellent research skills.
Excellent local knowledge of India.
Good understanding and general knowledge of the geography and culture of India.
Analytical mindset.



Job Requirements

Must be living in India for a minimum of 5 consecutive years.
Must pass an online open-book exam that can verify your full understanding of the material and concepts.
Experience with Pin Codes on the India Post website (www.indiapost.gov.in) and street view applications is required.
Must be willing to work a minimum of 10 hours and up to 20 hours per week depending on task availability.
Good working knowledge of search engines, map applications and familiarity with social media platforms.
Strong ability to learn, understand and apply multiple sets of different instructions.
All work must be of an independent nature.



Technical requirements to perform the work

Access to a laptop or computer which uses:
A logon account unique to you
Anti-virus solution that is kept up to date, with regular scans performed
Only one member per household may apply

NB. All products should be provided at your own expense.




Benefits

Work up to 20 hours per week.
Earn a competitive rate of pay.
Develop your research skills.
Avoid the long commute.
Work from the comfort of your home office.
Enjoy the flexibility of setting your own working hours!



Apply Online Today!","Data Analysis, English, Data Analytics, Data Mapping",1 week ago,3.4,19 Reviews,https://www.naukri.com/job-listings-data-analyst-english-required-peroptyx-mumbai-all-areas-0-to-5-years-110926024557,2026-09-19
Data Analyst,Thyrocare,Bengaluru,1 - 3 years,7-9 Lacs P.A.,"Responsibilities : 

Data Analyst would be responsible for working closely with the Business Teams and helping them in making data driven decisions. This would require cross-communication between the Business Team, Product Team & Data Engineering as well. Apart from solving the business problem at hand, a Data Analyst would also be responsible for creating reports and dashboards, automating repeated tasks, sharing insights and learning basis the data exploration/mining

Getting business requirements from the respective Business Teams, identifying the
underlying business case and building a generalized solution
Extracting & Exploring the data from database and other sources that may exist,
cleaning the data for any issues/missing values also needs to be owned upon
Converting the cleaned data into actionable insights and sharing the same with relevant
Audience
Automation of data problems/solutions that occur recursively
Flagging to Data Engineering in case of data sanity issues are to be seen
Ensure that the action insights shared with the business teams are worked upon
Ensure new business requirements are thoroughly vetted and signed off
Knowledge sharing within the team and outside if required



What are we looking for ?

1 to 3 years of work experience in the relevant field, preferably in a consumer facing company
Proficient in SQL and/or HQ,  ability to handle complex/inner queries
Hands-on with Google Sheets / Microsoft Excel (basic data cleaning, pivoting and data exploration)
Must have worked on any one Data Visualization Tool (Tableau, Power BI, Microstrategy, Metabase etc)
Basic automation skills using Google Sheets or Microsoft Excel are expected
Working knowledge on handling data in R/Python is a plus
Communication skills to get the business requirements and give out the final insights
Data Inquisitiveness","Machine Learning, SQL, Python, Predictive Modeling, Decision Tree, Artificial Intelligence, Regression, Statistics, Forecasting, Random Forest, Xgboost, Predictive, Classification, Data Analysis, Time Series, Data Analytics, Predictive Analytics",3 days ago,3.7,1.2K Reviews,https://www.naukri.com/job-listings-data-analyst-thyrocare-bengaluru-1-to-3-years-100926013955,2026-09-19
