search_url,job_title,job_url
https://www.naukri.com/data-analyst-jobs-0,Data Analyst,https://www.naukri.com/job-listings-data-analyst-capgemini-technology-services-india-limited-bengaluru-0-to-5-years-010926914859
https://www.naukri.com/data-analyst-jobs-0,Data Analyst,https://www.naukri.com/job-listings-data-analyst-tata-consultancy-services-gurugram-6-to-11-years-250826007901
https://www.naukri.com/data-analyst-jobs-0,Data Analyst,https://www.naukri.com/job-listings-data-analyst-english-required-peroptyx-delhi-ncr-0-to-5-years-220926030919
https://www.naukri.com/data-analyst-jobs-0,Data Analyst,https://www.naukri.com/job-listings-data-analyst-english-required-peroptyx-mumbai-all-areas-0-to-5-years-110926024557
https://www.naukri.com/data-analyst-jobs-0,Data Analyst,https://www.naukri.com/job-listings-data-analyst-thyrocare-bengaluru-1-to-3-years-100926013955
https://www.naukri.com/data-analyst-jobs-0,Data Analyst,https://www.naukri.com/job-listings-data-analyst-godigi-infotech-pune-0-to-1-years-130126506831
https://www.naukri.com/data-analyst-jobs-0,Data Analyst,https://www.naukri.com/job-listings-data-analyst-first-american-bengaluru-1-to-3-years-230926038405
https://www.naukri.com/data-analyst-jobs-0,Data Analyst,https://www.naukri.com/job-listings-data-analyst-paarsh-infotech-nashik-0-to-1-years-180926504848
https://www.naukri.com/data-analyst-jobs-0,Data Analyst,https://www.naukri.com/job-listings-data-analyst-i2ispecialist-technologies-pune-0-to-3-years-220926500050
https://www.naukri.com/data-analyst-jobs-0,Data Analyst,https://www.naukri.com/job-listings-data-analyst-leaz-edutech-bengaluru-0-to-3-years-190626020642
https://www.naukri.com/data-analyst-jobs-0,Data Analyst,https://www.naukri.com/job-listings-data-analyst-walk-in-drive-friday-simply-vyapar-apps-bengaluru-0-to-3-years-230926025244
https://www.naukri.com/data-analyst-jobs-0,Data Analyst,https://www.naukri.com/job-listings-data-analyst-ava-technology-hybrid-0-to-2-years-150926502828
https://www.naukri.com/data-analyst-jobs-0,Data Analyst,https://www.naukri.com/job-listings-data-analyst-ford-motor-private-limited-chennai-5-to-10-years-230926930158
https://www.naukri.com/data-analyst-jobs-0,Data Analyst,https://www.naukri.com/job-listings-data-analyst-wissenpro-it-solutions-pune-4-to-9-years-040726011583
https://www.naukri.com/data-analyst-jobs-0,Data Analyst,https://www.naukri.com/job-listings-data-analyst-adani-group-ahmedabad-1-to-6-years-230926020391
https://www.naukri.com/data-analyst-jobs-0,Data Analyst,https://www.naukri.com/job-listings-data-analyst-esskay-international-mumbai-all-areas-0-to-5-years-230926043058
https://www.naukri.com/data-analyst-jobs-0,Data Analyst,https://www.naukri.com/job-listings-data-analyst-vgen-software-solutions-coimbatore-0-to-3-years-230926000040
https://www.naukri.com/data-analyst-jobs-0,Data Analyst,https://www.naukri.com/job-listings-data-analyst-makkah-hypermarkets-kozhikode-0-to-4-years-140926017124
https://www.naukri.com/data-analyst-jobs-0,Data Analyst,https://www.naukri.com/job-listings-data-analyst-extension-technologies-faridabad-faridabad-0-to-4-years-170926027097
https://www.naukri.com/data-analyst-jobs-0,Data Analyst,https://www.naukri.com/job-listings-data-analyst-power-transformer-hitachi-energy-india-limited-vadodara-2-to-7-years-210926924199
https://www.naukri.com/data-analyst-jobs-0,Data Analyst,https://www.naukri.com/job-listings-analyst-sr-analyst-the-hackett-group-hyderabad-2-to-6-years-150926033943
https://www.naukri.com/data-analyst-jobs-0,Data Analyst,https://www.naukri.com/job-listings-data-analyst-capgemini-technology-services-india-limited-bengaluru-0-to-5-years-010926914859
https://www.naukri.com/data-analyst-jobs-0,Data Analyst,https://www.naukri.com/job-listings-data-analyst-tata-consultancy-services-gurugram-6-to-11-years-250826007901
https://www.naukri.com/data-analyst-jobs-0,Data Analyst,https://www.naukri.com/job-listings-data-analyst-english-required-peroptyx-delhi-ncr-0-to-5-years-220926030919
https://www.naukri.com/data-analyst-jobs-0,Data Analyst,https://www.naukri.com/job-listings-data-analyst-english-required-peroptyx-mumbai-all-areas-0-to-5-years-110926024557
https://www.naukri.com/data-analyst-jobs-0,Data Analyst,https://www.naukri.com/job-listings-data-analyst-thyrocare-bengaluru-1-to-3-years-100926013955
https://www.naukri.com/data-analyst-jobs-0,Data Analyst,https://www.naukri.com/job-listings-data-analyst-godigi-infotech-pune-0-to-1-years-130126506831
https://www.naukri.com/data-analyst-jobs-0,Data Analyst,https://www.naukri.com/job-listings-data-analyst-first-american-bengaluru-1-to-3-years-230926038405
https://www.naukri.com/data-analyst-jobs-0,Data Analyst,https://www.naukri.com/job-listings-data-analyst-paarsh-infotech-nashik-0-to-1-years-180926504848
https://www.naukri.com/data-analyst-jobs-0,Data Analyst,https://www.naukri.com/job-listings-data-analyst-i2ispecialist-technologies-pune-0-to-3-years-220926500050
https://www.naukri.com/data-analyst-jobs-0,Data Analyst,https://www.naukri.com/job-listings-data-analyst-leaz-edutech-bengaluru-0-to-3-years-190626020642
https://www.naukri.com/data-analyst-jobs-0,Data Analyst,https://www.naukri.com/job-listings-data-analyst-walk-in-drive-friday-simply-vyapar-apps-bengaluru-0-to-3-years-230926025244
https://www.naukri.com/data-analyst-jobs-0,Data Analyst,https://www.naukri.com/job-listings-data-analyst-ava-technology-hybrid-0-to-2-years-150926502828
https://www.naukri.com/data-analyst-jobs-0,Data Analyst,https://www.naukri.com/job-listings-data-analyst-ford-motor-private-limited-chennai-5-to-10-years-230926930158
https://www.naukri.com/data-analyst-jobs-0,Data Analyst,https://www.naukri.com/job-listings-data-analyst-wissenpro-it-solutions-pune-4-to-9-years-040726011583
https://www.naukri.com/data-analyst-jobs-0,Data Analyst,https://www.naukri.com/job-listings-data-analyst-adani-group-ahmedabad-1-to-6-years-230926020391
https://www.naukri.com/data-analyst-jobs-0,Data Analyst,https://www.naukri.com/job-listings-data-analyst-esskay-international-mumbai-all-areas-0-to-5-years-230926043058
https://www.naukri.com/data-analyst-jobs-0,Data Analyst,https://www.naukri.com/job-listings-data-analyst-vgen-software-solutions-coimbatore-0-to-3-years-230926000040
https://www.naukri.com/data-analyst-jobs-0,Data Analyst,https://www.naukri.com/job-listings-data-analyst-makkah-hypermarkets-kozhikode-0-to-4-years-140926017124
https://www.naukri.com/data-analyst-jobs-0,Data Analyst,https://www.naukri.com/job-listings-data-analyst-extension-technologies-faridabad-faridabad-0-to-4-years-170926027097
https://www.naukri.com/data-analyst-jobs-0,Data Analyst,https://www.naukri.com/job-listings-data-analyst-power-transformer-hitachi-energy-india-limited-vadodara-2-to-7-years-210926924199
