title,url
CLAT Quant and Logical Reasoning Faculty (Freelance),https://www.linkedin.com/jobs/view/4462693379/
"BMAG – Analytics Analyst, AS",https://www.linkedin.com/jobs/view/4449680339/
BI Analyst,https://www.linkedin.com/jobs/view/4413401429/
Business Intelligence Analyst-Goregaon West,https://www.linkedin.com/jobs/view/4454505769/
BI Analyst,https://www.linkedin.com/jobs/view/4452842012/
ANALYST DATA & INSIGHTS,https://www.linkedin.com/jobs/view/4466065839/
IT Analyst Applications ( Data Engineer – AI & Analytics ),https://www.linkedin.com/jobs/view/4466058544/
Power BI Analyst,https://www.linkedin.com/jobs/view/4456195500/
Senior Power BI Analysts,https://www.linkedin.com/jobs/view/4449548492/
Statistical Analyst,https://www.linkedin.com/jobs/view/4464031183/
"Web Analytics, Google Analytics Analyst",https://www.linkedin.com/jobs/view/4450797160/
Power BI & Databricks Analyst,https://www.linkedin.com/jobs/view/4466857550/
Ralph Lauren Senior Power BI Analysts,https://www.linkedin.com/jobs/view/4454416560/
"Statistician, SPSS, Econometrics, M.Sc Statistics",https://www.linkedin.com/jobs/view/4422791208/
Senior Analyst- BUSINESS INTELLIGENCE,https://www.linkedin.com/jobs/view/4459808152/
GA4 Lead Analyst – Digital & Marketing Analytics,https://www.linkedin.com/jobs/view/4466503391/
"Analyst II, Portfolio Strategy Analytics",https://www.linkedin.com/jobs/view/4468226421/
Quant Trader / Researcher – Options & Systematic Derivatives,https://www.linkedin.com/jobs/view/4454993478/
Research Data - Analyst / Sr Analyst,https://www.linkedin.com/jobs/view/4438600748/
"Analyst, Deal Desk & Contract Analytics",https://www.linkedin.com/jobs/view/4445455784/
"Analyst II, Portfolio Strategy Analytics",https://www.linkedin.com/jobs/view/4466225755/
"Sr Analyst, People Analytics & Insights",https://www.linkedin.com/jobs/view/4408897625/
Information Protection Analyst - HIH - Evernorth,https://www.linkedin.com/jobs/view/4465995929/
HR Systems Analyst,https://www.linkedin.com/jobs/view/4438266395/
Biostatistician 2,https://www.linkedin.com/jobs/view/4447203754/
CLAT Quant and Logical Reasoning Faculty (Freelance),https://www.linkedin.com/jobs/view/4462693379/
"BMAG – Analytics Analyst, AS",https://www.linkedin.com/jobs/view/4449680339/
BI Analyst,https://www.linkedin.com/jobs/view/4413401429/
Business Intelligence Analyst-Goregaon West,https://www.linkedin.com/jobs/view/4454505769/
BI Analyst,https://www.linkedin.com/jobs/view/4452842012/
ANALYST DATA & INSIGHTS,https://www.linkedin.com/jobs/view/4466065839/
IT Analyst Applications ( Data Engineer – AI & Analytics ),https://www.linkedin.com/jobs/view/4466058544/
Power BI Analyst,https://www.linkedin.com/jobs/view/4456195500/
Senior Power BI Analysts,https://www.linkedin.com/jobs/view/4449548492/
Statistical Analyst,https://www.linkedin.com/jobs/view/4464031183/
"Web Analytics, Google Analytics Analyst",https://www.linkedin.com/jobs/view/4450797160/
"Senior Analyst, Banking Analytics",https://www.linkedin.com/jobs/view/4466350722/
Quant Researcher,https://www.linkedin.com/jobs/view/4451450846/
Power BI & Databricks Analyst,https://www.linkedin.com/jobs/view/4466857550/
Ralph Lauren Senior Power BI Analysts,https://www.linkedin.com/jobs/view/4454416560/
Business Intelligence Analyst - II,https://www.linkedin.com/jobs/view/4463871442/
Senior Business Intelligence Analyst,https://www.linkedin.com/jobs/view/4467717493/
GA4 Lead Analyst – Digital & Marketing Analytics,https://www.linkedin.com/jobs/view/4466503391/
Senior Analyst- Risk Analytics,https://www.linkedin.com/jobs/view/4459126348/
"Analyst II, Portfolio Strategy Analytics",https://www.linkedin.com/jobs/view/4468226421/
Quant Trader / Researcher – Options & Systematic Derivatives,https://www.linkedin.com/jobs/view/4454993478/
Research Data - Analyst / Sr Analyst,https://www.linkedin.com/jobs/view/4438600748/
"Analyst II, Portfolio Strategy Analytics",https://www.linkedin.com/jobs/view/4466225755/
"Sr Analyst, People Analytics & Insights",https://www.linkedin.com/jobs/view/4408897625/
Information Protection Analyst - HIH - Evernorth,https://www.linkedin.com/jobs/view/4465995929/
