url,title,company,company_url,workplace_type,employment_type,location,posted,applicants,description,scrap_date
https://www.linkedin.com/jobs/view/4462693379/,CLAT Quant and Logical Reasoning Faculty (Freelance) | The Legal Project | LinkedIn,The Legal Project,https://www.linkedin.com/company/the-legalproject/life/,On-site,Full-time,"Indore, Madhya Pradesh, India",1 week ago,23 applicants,"About The Legal Project (TLP)

The Legal Project is a growing CLAT preparation venture. We create structured courses and exam focused content for law aspirants across YouTube and Instagram, with programs such as our FOMO batch. We are now building a brand new course, and this is where you come in.




The role

This is a freelance, fully remote role with flexible working hours. You will play a key part in building our new course, creating Quant and Logical Reasoning content, recording clear and engaging lectures, and building the practice material that goes with them. It is ideal for someone who knows the CLAT pattern inside out and loves teaching.




What you will do

Help build our new course from the ground up with strong Quant and Logical Reasoning content
Record structured, engaging lectures on Quant (Quantitative Techniques) and Logical Reasoning
Build practice material such as DPPs, question banks, and mock sections aligned to the current CLAT pattern
Keep content accurate, relevant to the exam, and simple enough for beginners




What we are looking for

Strong command of CLAT Quant and Logical Reasoning (recent CLAT toppers, NLU students, or recent graduates strongly preferred)
Thorough knowledge of the current CLAT exam pattern
Ability to explain concepts simply and record with clarity and energy
Reliability, ownership, and a willingness to build something from an early stage




What you will get

Freelance pay of ₹7,000 to 8,000 per month
On screen credit and a faculty title with TLP
Real teaching experience and a strong reference
Flexible schedule with the freedom to work from anywhere




How to apply

Send your resume along with a 2 minute demo video of you explaining any Quant or Logical Reasoning concept. Shortlisted candidates will be given a short paid test task.

… more",2026-09-18
https://www.linkedin.com/jobs/view/4449680339/,"BMAG – Analytics Analyst, AS | Deutsche Bank | LinkedIn",Deutsche Bank,https://www.linkedin.com/company/deutsche-bank/life/,Hybrid,Full-time,"Jaipur, Rajasthan, India",1 month ago,Over 100 people clicked apply,"Position Overview

Job Title: BMAG – Analytics Analyst, AS

Corporate Title: Associate

Location: Jaipur, India

Role Description


BMAG (Business Management and Analytics Group) partners with various COOs/Operations leads in delivering various value added reporting, analytics and lead/support in various projects and initiatives.
As an Associate in Business Management & Analytics Group, Create informative, actionable and repeatable reporting that highlights relevant business trends and opportunities for improvement



What We’ll Offer You

As part of our flexible scheme, here are just some of the benefits that you’ll enjoy,


Best in class leave policy.
Gender neutral parental leaves
100% reimbursement under childcare assistance benefit (gender neutral)
Sponsorship for Industry relevant certifications and education
Employee Assistance Program for you and your family members
Comprehensive Hospitalization Insurance for you and your dependents
Accident and Term life Insurance
Complementary Health screening for 35 yrs. and above



Your Key Responsibilities


Develop the reporting by collecting and analyzing the information, using Power Apps & Power Automate
Suggest changes/automations to senior management using analytics to support your recommendations.
Create informative, actionable and repeatable reporting that highlights relevant business trends and opportunities for improvement
Build Tableau Dashboard and views based on reporting requirements
Translate requirements to data engineers and developers who are building reports
Document changes in requirements and feeding changes to data engineer and developer
Define & monitor project requirements by identifying project tracking activities, milestones, phases and elements, forming project team
Create informative, actionable and repeatable reporting that highlights relevant business trends and opportunities for improvement



Your Skills And Experience


BCA, MCA, BTech, MTech or equivalent technical qualification with 4 to 8 years of experience
Tableau, SQL, Power App, Power Automate, Power BI experience strongly preferred
Proficient in Microsoft Office applications i.e. Excel, Word, Power-point etc
Strong Analytical & problem solving skills
Passion and proven ability to work with management information, financial figures and mass data



Proven ability to leverage AI tools to enhance productivity, optimise workflows to solve business problems, while applying critical judgment to ensure responsible and ethical use of data and AI outputs.

How We’ll Support You


Training and development to help you excel in your career.
Coaching and support from experts in your team.
A culture of continuous learning to aid progression.
A range of flexible benefits that you can tailor to suit your needs.



About Us And Our Teams

Please visit our company website for further information:

https://www.db.com/company/company.html

We strive for a culture in which we are empowered to excel together every day. This includes acting responsibly, thinking commercially, taking initiative and working collaboratively.

Together we share and celebrate the successes of our people. Together we are Deutsche Bank Group.

We welcome applications from all people and promote a positive, fair and inclusive work environment.
… more",2026-09-18
https://www.linkedin.com/jobs/view/4413401429/,BI Analyst | Eurofins | LinkedIn,Eurofins,https://www.linkedin.com/company/eurofins/life/,Hybrid,Full-time,"Bengaluru, Karnataka, India",4 months ago,Over 100 applicants,"Eurofins Scientific is an international life sciences company, providing a unique range of analytical testing services to clients across multiple industries, to make life and our environment safer, healthier and more sustainable. From the food you eat, to the water you drink, to the medicines you rely on, Eurofins laboratories work with the biggest companies in the world to ensure the products they supply are safe, their ingredients are authentic and labelling is accurate.



The Eurofins network of companies believes that it is a global leader in food, environment, pharmaceutical and cosmetic product testing and in discovery pharmacology, forensics, advanced material sciences and AgroScience contract research services. It is also one of the market leaders in certain testing and laboratory services for genomics, and in the support of clinical studies, as well as in biopharma contract development and manufacturing. It also has a rapidly developing presence in highly specialised and molecular clinical diagnostic testing and in-vitro diagnostic products.



In over 37 years, Eurofins has grown from one laboratory in Nantes, France to over 65,000 staff across a decentralised and entrepreneurial network of more than 950 laboratories in over 1,000 companies across 59 countries. Eurofins companies offer a portfolio of over 200,000 analytical methods to evaluate the safety, identity, composition, authenticity, origin, traceability and purity of biological substances and products.



In 2024, Eurofins generated total revenues of EUR 6.95 billion; and has been among the best performing stocks in Europe over the past 20 years.





Job Description



 Support Specialist



Analyses approved requirements from stakeholders (across IT and business functions)
Liaises with stakeholders and product owners in clarifying and detailing out requirements
Works with the data engineers and the domain experts to extract and transform the data
Designs, creates, and maintains the dashboards in the BI platform (Power BI Cloud)
Demonstrates the accuracy of figures
Deploys the dashboards to production
Documents reporting user guides and data dictionary
Implements BI ACLs
Participates in the Agile SCRUM development process. 
Provides L2/L3 support in administering Power BI and for investigating & resolving incidents on the dashboards. 
Keeps the end users and stakeholders engaged by communicating new releases and maintenance windows
Provide end user trainings/demonstrations

Personal Skills:



Data design, modelling, management and visualization
Excellent graphical design skills (important)
Excellent communication skills (in English, both orally and in the writing, including moderating meetings) At ease with distant & international communications through several document and forums, phone, instant messaging, e-mail), Microsoft End User computing tool. 
Initial Education Background: Data design, modelling, management and visualization
Power BI experience in creating data-rich dashboards, writing DAX expressions and implementing Row Level Security, Paginated Reports and other BI tools
Experience in DataOps and/or Agile/SCRUM is a plus. 


Qualifications


Bachelor's degree or diploma
Language skills and level expected:
English (fluent) required
Type and duration of previous experience
5+ year experience as BI engineer/expert 
Good experience in MS SQL MS Azure DevOps
… more",2026-09-18
https://www.linkedin.com/jobs/view/4454505769/,Business Intelligence Analyst-Goregaon West | Rentokil Initial | LinkedIn,Rentokil Initial,https://www.linkedin.com/company/rentokil-initial/life/,On-site,Full-time,Mumbai Metropolitan Region,1 month ago,Over 100 applicants,"About Rentokil PCI

Rentokil PCI is the leading pest control service provider in India. A Rentokil Initial brand, Rentokil PCI was formed in 2017 through a joint venture (JV) between Pest Control India, the number one pest control company in India, and Rentokil, the world's leading pest control brand. Rentokil PCI aims to set new standards for customer service having operations across 300 locations in India.

For more details: https://www.rentokil-pestcontrolindia.com

Position: Business Intelligence Analyst -IT 

About The Role


The Business Intelligence is responsible for working within the BI team to deliver reporting and dashboard solutions that meet the needs of the organisation. The developer must work well in a team setting and have excellent organisational, prioritisation, communication, and time management skills. The successful candidate will demonstrate accountability, flexibility and adaptability to handle multiple and changing priorities and be able to successfully collaborate with development teams, technology groups, consultants, and key stakeholders.
The person will report to the Manager - Application Support. The incumbent will have to work as part of a multi-functional team and this involves collaboration with the internal team and external stakeholders.


Job Responsibilities


Develop and manage BI solutions
Analyse business processes and requirements
Create and maintain documentation including requirements, design and user manuals
Conduct unit testing and troubleshooting
Develop and execute database queries and conduct analyses
Identify development needs in order to improve and streamline operations
Identify opportunities to improve processes and strategies with technology solutions


Key Result Areas


Ensure quality and accuracy of data assets and analytic deliverables
Troubleshooting business intelligence modelling issues and developing solutions within the timelines
Query resolution
Enhancing application knowledge to implement new solutions
On time deployment of different projects as per the business requirements
On time creation and analysis of visualisations and reports
Updation of dashboard


Competencies (Skills Essential To The Role)


Strong analytical skills
Ability to solve practical problems and deal with a variety of concrete variables in situations where only limited standardisation exists
Ability to think logically and troubleshoot issues
Excellent interpersonal (verbal and written) communication skills are required to support working in project environments that includes internal, external and customer teams


Requirements

Qualifications and Skills:

Educational Qualification / Other Requirement


Graduate Degree in Computer Science, Information Technology
2 to 4 years Experience working on BI platform, DataStudio, GCP (Google Cloud Platform), Qlik
Strong SQL Developer skills
Good working knowledge of SSIS, SSRS, SSAS and proper workflow design and exception management
Experience in Data Warehouse, ETL, Cube and Report design and development


Desirable


Familiarity with SSIS, SSRS, and SSAS functionalities.
Excellent communication and interpersonal skills.
Ability to work collaboratively in a fast-paced environment.


Role Type / Key Working Relationships


Individual Contributor
Internal team
External stakeholders


Benefits

What can you expect from RPCI?

➔ Our Values Lie At The Core Of Our Mission And Vision. We Believe That It's Our People Who Make Our Company What It Is. We Believe In


Safety
Integrity
Innovation
Learning & Development
Performance Orientation
… more",2026-09-18
https://www.linkedin.com/jobs/view/4452842012/,BI Analyst | Babcock Power APAC Pvt. Ltd. | LinkedIn,Babcock Power APAC Pvt. Ltd.,https://www.linkedin.com/company/babcock-power-apac/life/,On-site,Full-time,"Chennai, Tamil Nadu, India",1 month ago,Over 100 people clicked apply,"Description

POSITION SUMMARY

The Supply Management BI Analyst will serve as dedicated BI support to the Babcock Power Inc. Supply Management Department. The position will report within the IT department with a dotted-line reporting relationship to the Director of Global Sourcing.

The Supply Management BI Analyst role will be responsible for developing analytics, dashboards, and data models that provide insight into supplier performance, sourcing strategies, cost drivers, tariff exposure, and supply chain risk across Babcock Power’s global operations. The BI Analyst will work at the direction of the Supply Management leadership team to transform data into actionable intelligence that supports strategic sourcing initiatives, supplier development, and operational efficiency.

A key initial focus of this role will be to improve and expand the basic reporting currently in place, while supporting development of the Supply Management Business Intelligence Center of Excellence (BI COE). This will include refining existing dashboards, standardizing reporting across Babcock Power operating business units, and establishing consistent supply chain analytics frameworks.

As reporting tools and data models mature, the role will shift toward developing more advanced analytical capabilities, including supply chain risk management and cost modeling tools. A key early effort will be structuring and categorizing commodity inputs across major product groups, establishing a foundational dataset that identifies which products are exposed to specific commodities and regions, and to what extent. This framework will support improved visibility into cost drivers, supply chain risk, and sourcing strategy.

Requirements

QUALIFICATIONS


Bachelor’s degree in Business Analytics, Data Analytics, or related field.
3-5 years of experience in report/dashboard development, data modeling, and data analysis.
3-5 years of experience in supply chain analytics, procurement analytics, business intelligence, or operations analytics.
Strong proficiency in Power BI/Fabric, with hands-on experience with SQL, DAX, and M.
Experience building ETL workflows in Microsoft Fabric using pipelines and/or notebooks (preferred).
Experience supporting global manufacturing or industrial supply chains preferred.
Experience of working with ERP systems and operational data sources preferred.
Understanding of supply chain KPIs, procurement processes, and sourcing strategies preferred.


CORE COMPETENCIES


Analytical thinking and problem solving
Ability to translate complex data into clear, actionable insights for non-technical stakeholders
Strong communication and visualization skills
Ability to work cross functionally with technical and business teams
Strong attention to detail and data accuracy
… more",2026-09-18
https://www.linkedin.com/jobs/view/4466065839/,ANALYST DATA & INSIGHTS | TE Connectivity | LinkedIn,TE Connectivity,https://www.linkedin.com/company/te-connectivity/life/,Hybrid,Full-time,"Bengaluru, Karnataka, India",1 week ago,Over 100 people clicked apply,"At TE, you will unleash your potential working with people from diverse backgrounds and industries to create a safer, sustainable and more connected world. 

Job Overview

We are seeking a strategic thinker, analytical storyteller, and trusted advisor to join our Industrial BU. This role is ideal for an analytics professional who combines technical expertise with strong business acumen and can transform complex data into actionable insights that influence strategic decisions and drive measurable business growth.

Job Requirements


 Own and manage analytics and insights for TE.com, product data, technical documentation, digital assets, and digital self-service tools (Configurator, Selector, Simulator, Product Finder, Sample Programs) to improve customer experience, engagement, conversion, and business performance.
 Analyze customer behavior, search activity, product findability, engagement patterns, and end-to-end customer journeys, including product views, datasheet downloads, CAD model downloads, sample requests, BOM, add-to-cart activity, checkout, and order conversion.
 Monitor product data completeness, taxonomy, facets, master data quality, content readiness, and performance of technical documentation including datasheets, catalogs, CAD models, application notes, drawings, and other digital assets. Develop required dashboard to measure Product data quality index (Data integrity).
 Design, develop, automate, and maintain KPI dashboards, scorecards, executive reports, and BI solutions to track website performance, customer engagement, digital adoption, conversion, revenue impact, and ROI.
 Conduct A/B and multivariate testing, ad-hoc analysis, root-cause investigations, and performance reviews to identify optimization opportunities and improve digital experience, customer retention, and conversion rates.
 Integrate, consolidate, and analyze data from Adobe Analytics, GA4, SAP, TED 2.0 BI, Salesforce, Hybris PIM, Qualtrics, CRM platforms, distributor APIs, and other enterprise systems to generate actionable business insights.
 Develop centralized reporting and dashboards to monitor digital asset performance, content consistency, product visibility, and channel effectiveness across distributor networks, EWS platforms (Idea Connector, FAB-DIS), and EDA platforms (EPLAN, Zuken, TraceParts, CADENAS).
 Analyze distributor and partner ecosystem data through API integrations to measure product visibility, inventory, engagement, conversion, revenue performance, and content syndication across channels such as Mouser, DigiKey, Arrow, and other digital marketplaces.
 Utilize Voice of Customer (VOC), Qualtrics, statistical analysis, predictive analytics, and AI-driven insights to identify customer needs, business opportunities, risks, bottlenecks, and continuous improvement initiatives.
 Deliver compelling data storytelling, visualizations, and executive-level insights using Power BI, Tableau, Python, and analytics tools to support strategic decision-making and business growth.
 Measure and quantify the impact of digital initiatives on key business metrics, including customer acquisition, engagement, retention, conversion, revenue growth, and ROI.
 Collaborate with Marketing, Product Management, Sales, Engineering, IT, Data Governance, and Data Engineering teams to define KPIs, align priorities, and deliver measurable business value through analytics.
 Performance tracking and Reporting: Monitor progress using KPI and dashboards communicate updates and outcomes to team and stakeholders, highlight potential risk, bottle neck and provide recommendations digital experience improvement.
 Data Storytelling & Visualization: Deliver compelling narratives and executive-level dashboards using tools like Tableau, Power BI, Python and other tools to drive data accessibility and adoption.
 Ad Hoc Analysis: Deliver timely, insightful analyses to address specific business questions or challenges.
 Innovation & AI Adoption: Champion the use of generative and predictive AI models to enhance business reporting and decision-making. Able Monitor AI adoptions.


What Your Background Should Look Like


 University degree bachelor’s in Engineering, degree in business, Marketing, Analytics, Information Systems, Data Science, , Statistics, or a related field.
 6+ years of experience in Data Analytics, Digital Analytics, Marketing Analytics, Business Intelligence, Customer Insights, or related analytical functions.
 4+ years of experience in customer journey analytics, digital engagement, website analytics, digital commerce, conversion funnel analysis, and conversion optimization
 Hands-on experience with Adobe Analytics, Google Analytics 4 (GA4), SAP, TED 2.0 BI, Databricks, Salesforce, Hybris PIM, Qualtrics, CRM platforms, SQL, Python, Power BI, Tableau, and API-based data integrations.
 Proven experience in A/B testing, multivariate testing, experimentation frameworks, statistical analysis, predictive analytics, and AI-enabled business solutions.
 Hands-on experience with Adobe Analytics, Google Analytics 4 (GA4), SAP, TED 2.0 BI, Databricks, Salesforce, Hybris PIM, Qualtrics, CRM platforms, SQL, Python, Power BI, Tableau, and API-based data integrations.
 Continuous improvement mindset with a passion for innovation, emerging technologies, and analytics-driven business transformation.


Competencies

Values: Integrity, Accountability, Inclusion, Innovation, Teamwork

About Te Connectivity

TE Connectivity plc (NYSE: TEL) is a global industrial technology leader creating a safer, sustainable, productive, and connected future. As a trusted innovation partner, our broad range of connectivity and sensor solutions enable the distribution of power, signal and data to advance next-generation transportation, energy networks, automated factories, data centers enabling artificial intelligence, and more.

Our more than 90,000 employees, including 10,000 engineers, work alongside customers in approximately 130 countries. In a world that is racing ahead, TE ensures that EVERY CONNECTION COUNTS. Learn more at www.te.com and on LinkedIn, Facebook, WeChat, Instagram and X (formerly Twitter).

What Te Connectivity Offers

We are pleased to offer you an exciting total package that can also be flexibly adapted to changing life situations - the well-being of our employees is our top priority!


 Competitive Salary Package
 Performance-Based Bonus Plans
 Health and Wellness Incentives
 Employee Stock Purchase Program
 Community Outreach Programs / Charity Events
 Employee Resource Group


IMPORTANT NOTICE REGARDING RECRUITMENT FRAUD

TE Connectivity has become aware of fraudulent recruitment activities being conducted by individuals or organizations falsely claiming to represent TE Connectivity. Please be advised that TE Connectivity never requests payment or fees from job applicants at any stage of the recruitment process. All legitimate job openings are posted exclusively on our official careers website at te.com/careers, and all email communications from our recruitment team will come only from actual email addresses ending in @te.com. If you receive any suspicious communications, we strongly advise you not to engage or provide any personal information, and to report the incident to your local authorities.

Across our global sites and business units, we put together packages of benefits that are either supported by TE itself or provided by external service providers. In principle, the benefits offered can vary from site to site.
… more",2026-09-18
https://www.linkedin.com/jobs/view/4466058544/,IT Analyst Applications ( Data Engineer – AI & Analytics ) | Caterpillar Inc. | LinkedIn,Caterpillar Inc.,https://www.linkedin.com/company/caterpillar-inc/life/,On-site,Full-time,"Bengaluru East, Karnataka, India",Reposted 15 hours ago,99 people clicked apply,"Career Area:

Technology, Digital and Data

Job Description:

Your Work Shapes the World at Caterpillar Inc. 

When you join Caterpillar, you're joining a global team who cares not just about the work we do – but also about each other. We are the makers, problem solvers, and future world builders who are creating stronger, more sustainable communities. We don't just talk about progress and innovation here – we make it happen, with our customers, where we work and live. Together, we are building a better world, so we can all enjoy living in it.

Your Impact Shapes the World at Caterpillar Inc

When you join Caterpillar, you're joining a global team who cares not just about the work we do – but also about each other. We are the makers, problem solvers and future world builders who are creating stronger, more sustainable communities. We don't just talk about progress and innovation here – we make it happen, with our customers, where we work and live. Together, we are building a better world, so we can all enjoy living in it.

Job Summary

We are seeking a skilled and experienced IT Analyst Applications ( Data Engineer – AI & Analytics ) to join our India GCC – GCIO ETL Services -CAT IT Division.

Caterpillar is accelerating data‑driven decision making across engineering, manufacturing, supply chain, services, and digital products. As a Data Engineer with AI skillset, you will design and build robust data pipelines, features, and platforms that power analytics, machine learning, and GenAI use cases—such as predictive maintenance, parts demand forecasting, warranty analytics, and intelligent knowledge retrieval.

The preference for this role is to be based out of Bangalore – Caterpillar PSN

What You Will Do

Data Pipelines & Integration


Design, build, and maintain scalable batch/streaming pipelines (e.g., telematics/IoT, SAP, PLM, MES, service/warranty, dealer systems).
Implement CDC, schema evolution, and data quality checks (Great Expectations/Deequ/custom).
Develop feature pipelines for ML and analytics (feature stores, time-series transformations).


Data Modelling & Storage


Model data for lakes/lakehouses/warehouses (Delta/Parquet/Iceberg) following medallion or similar architectures.
Optimize partitioning, compaction, and performance for large datasets.


AI/ML Enablement


Partner with Data Scientists to productionize models (batch/real-time), build inference pipelines/APIs, and manage feature stores.
Contribute to MLOps (CI/CD for models and data, model versioning, monitoring, drift detection).
Support GenAI use cases (RAG pipelines, vector indexing, prompt orchestration, governance).


Platform & DevOps


Implement infrastructure‑as‑code, CI/CD and observability (lineage, cataloging, logging/metrics).
Enforce security, privacy, and compliance (PII handling, role-based access, data contracts).


What You Will Have 


Bachelor’s or master’s degree in computer science, Data Engineering, Industrial Engineering, or related field.
Overall, at least 7+ years of experience in Data engineering
Strong proficiency in Snowflake, SQL, Python, and ETL tools (e.g. Snaplogic).
Familiarity with cloud platforms (AWS, Azure, GCP) and data warehousing solutions (e.g., Snowflake, Redshift).


AI/MLOps Exposure:


Building feature pipelines, packaging and deploying models (batch/real‑time).
Model serving (Databricks Model Serving, MLflow, Azure ML etc), model registry, experiment tracking.
Familiarity with vector databases and RAG patterns.


Behavioural Competencies


Ownership & bias for action; thrives in a product operating model.
Clear communicator who can bridge business and engineering.
Pragmatic, security‑first, automation‑oriented mindset.
Collaborative partner across global, cross‑functional teams.
This position requires candidate to work a 5-day -a -week schedule in the office
Shift Timing-01:00PM-10:00PM IST


Skills Desired:

Core Application Systems: Knowledge of major production application systems used for delivery of services to internal and external clients; ability to leverage major production application systems in diverse situations.

Level Working Knowledge:


 Helps create contingency plans to mitigate impact of disruption on core applications.
 Identifies key players, criticalities, roles, and responsibilities.
 Investigates application-related issues with both business and IT professionals.
 Recommends enhancements for a major application system or related subsystems.
 Works with core application systems for a major business unit or function.


Problem Solving: Knowledge of approaches, tools, techniques for recognizing, anticipating, and resolving organizational, operational or process problems; ability to apply knowledge of problem solving appropriately to diverse situations.

Level Working Knowledge:


 Identifies and documents specific problems and resolution alternatives.
 Examines a specific problem and understands the perspective of each involved stakeholder.
 Develops alternative techniques for assessing accuracy and relevance of information.
 Helps to analyze risks and benefits of alternative approaches and obtain decision on resolution.
 Uses fact-finding techniques and diagnostic tools to identify problems.


Application Design, Architecture: Knowledge of basic activities and deliverables of application design; ability to utilize application design methodologies, tools and techniques to convert business requirements and logical models into a technical application design.

Level Extensive Experience:


 Facilitates in application design reviews and walkthroughs.
 Creates and evaluates technical alternatives for complex applications.
 Interprets application services such as API; integrates them with technical design.
 Develops various, distinct and multiple technical application designs.
 Prepares technical design documents and blueprints for applications.
 Explores and evaluates application design considerations for multiple technologies.


Implementation: Knowledge of how to run applications for organizations; ability to implement application software within an organization and help end-users perform specific tasks (ex: accounting or graphic design).

Level Working Knowledge:


 Tracks problems associated with the quality and effectiveness of application software.
 Researches the benefits and drawbacks of an organization's application software.
 Drafts application software usage for the department's needs.
 Provides instant support for end users of application software.
 Implements a specific application software under the supervision of management.


Requirements Analysis: Knowledge of tools, methods, and techniques of requirement analysis; ability to elicit, analyze and record required business functionality and non-functionality requirements to ensure the success of a system or software development project.

Level Working Knowledge:


 Follows policies, practices and standards for determining functional and informational requirements.
 Confirms deliverables associated with requirements analysis.
 Communicates with customers and users to elicit and gather client requirements.
 Participates in the preparation of detailed documentation and requirements.
 Utilizes specific organizational methods, tools and techniques for requirements analysis.


System and Technology Integration: Knowledge of the features and facilities of systems; ability to integrate and communicate among applications, databases and technology platforms.

Level Working Knowledge:


 Assists with current and planned integration initiatives.
 Explores major issues and considerations for successful system integration.
 Works with applications, data, technology bridges and a variety of platforms.
 Works with existing interfaces as well as integration and migration plans within own area.
 Plays an active role in local integration efforts.


System Testing: Knowledge of system and software testing; ability to design, plan and execute system testing strategies and tactics to ensure the quality of software at all stages of the system life cycle.

Level Working Knowledge:


 Supports the project leader in developing and executing system test plans.
 Evaluates system documentation and user manuals for usability, accuracy and completeness.
 Executes test cases, analyzes test results and reports on findings regularly.
 Tests system components for compliance with functional requirements.
 Participates in the testing of a system's ability to recover from hardware or software failures.


What You Will Get:


Work Life Harmony
Earned and medical leave.
Relocation assistance


Holistic Development


Personal and professional development through Caterpillar ‘s employee resource groups across the globe
Career developments opportunities with global prospects


Health and Wellness


Medical coverage -Medical, life and personal accident coverage
Employee mental wellness assistance program


 Financial Wellness


Employee investment plan
Pay for performance -Annual incentive Bonus plan.


Additional Information:

Caterpillar is not currently hiring individuals for this position who now or in the future require sponsorship for employment visa status; however, as a global company, Caterpillar offers many job opportunities outside of the U.S. which can be found through our employment website at www.caterpillar.com/careers

Caterpillar is an Equal Opportunity Employer (EEO)

EEO/AA Employer. All qualified individuals, including minorities, females, veterans and individuals with disabilities - are encouraged to apply.

This position requires working onsite five days a week.

Visa Sponsorship is not available for this position.

Posting Dates:

Caterpillar is an Equal Opportunity Employer. Qualified applicants of any age are encouraged to apply

Not ready to apply? Join our Talent Community.
… more",2026-09-18
https://www.linkedin.com/jobs/view/4456195500/,Power BI Analyst | JAKSON Group | LinkedIn,JAKSON Group,https://www.linkedin.com/company/jaksongroup/life/,On-site,Full-time,"Noida, Uttar Pradesh, India",1 month ago,Over 100 people clicked apply,"Job Requirements

Job Responsibilities:

Design, develop and maintain Power BI dashboards and reports.

Gather and analyze business requirements from stakeholders.

Create and optimize data models, DAX calculations, and Power Query transformations.

Develop interactive visualizations and KPIs for business users.

Able to develop and integrate Power BI Fabric.

Ensure data accuracy, integrity and security within reporting solutions.

Monitor report performance and implement optimization techniques.

Collaborate with business, IT and data engineering teams.

Support report deployment, user training, and ongoing maintenance.

Document reporting processes, data definitions, and business logic.

Work Experience

Bachelor’s degree in computer science, Information Technology, or a related field.

Proven 3-5 years of experience as a Power BI Expert, with expertise in Microsoft Fabric as well.

Strong Proficiency In

Power BI Desktop and Power BI Service

DAX (Data Analysis Expressions)

Power Query (M Language)

SQL and database concepts

Data modeling and ETL processes

Experience with data warehouses and large datasets.

Experience of Row-Level Security (RLS) and data governance.

Strong analytical and problem-solving skills.

Excellent communication and stakeholder management skills.

Familiarity with cloud platforms such as Azure.

Knowledge of programming languages such as Python or SQL.
… more",2026-09-18
https://www.linkedin.com/jobs/view/4449548492/,Senior Power BI Analysts | Ralph Lauren | LinkedIn,Ralph Lauren,https://www.linkedin.com/company/ralph-lauren/life/,On-site,Full-time,"Bengaluru, Karnataka, India",Reposted 2 weeks ago,Over 100 people clicked apply,"Ralph Lauren Corporation (NYSE:RL) is a global leader in the design, marketing and distribution of premium lifestyle products in five categories: apparel, accessories, home, fragrances, and hospitality. For more than 50 years, Ralph Lauren's reputation and distinctive image have been consistently developed across an expanding number of products, brands and international markets. The Company's brand names, which include Ralph Lauren, Ralph Lauren Collection, Ralph Lauren Purple Label, Polo Ralph Lauren, Double RL, Lauren Ralph Lauren, Polo Ralph Lauren Children, Chaps, among others, constitute one of the world's most widely recognized families of consumer brands.

At Ralph Lauren, we unite and inspire the communities within our company as well as those in which we serve by amplifying voices and perspectives to create a culture of belonging, ensuring inclusion, and fairness for all. We foster a culture of inclusion through: Talent, Education & Communication, Employee Groups and Celebration.

,

Purpose & Scope

The Power BI Senior Analyst designs, builds, and maintains the dashboards, reports, and semantic models that turn Ralph Lauren’s curated data assets into clear, actionable business insight.

This role works closely with Decision Science, Data Engineering, and Data Product Management teams, as well as business stakeholders, to translate analytical requirements into well-structured, performant, and governed Power BI solutions.

The Power BI Senior Analyst is hands-on and detail-oriented, with accountability for report quality, data model design, and the overall usability and reliability of BI assets across the organization.

,

What You Will Be Doing (responsibilities)


 Dashboard & Report Development
Design and build Power BI dashboards, reports, and semantic models that meet business and analytical requirements.
Develop well-structured data models, DAX measures, and calculations that support accurate, performant reporting.
Apply visualization and UX best practices to ensure reports are clear, intuitive, and actionable.
Optimize report and dataset performance for large or complex data volumes.
 Business & Stakeholder Support
Work directly with business stakeholders to understand reporting needs and translate them into BI requirements.
Lead requirements-gathering sessions and validate that delivered reports meet business intent.
Provide training and support to business users on self-service Power BI capabilities.
Build strong working relationships through responsiveness, clarity, and reliable delivery.
 Data Modeling & Governance
Partner with Data Engineering to ensure underlying datasets support reliable, governed reporting.
Maintain consistent metric definitions, naming conventions, and documentation across reports.
Support Power BI workspace organization, access control, and content lifecycle management.
Surface and help resolve data quality or definitional issues affecting reporting accuracy.
 Platform & Continuous Improvement
Stay current on Power BI platform capabilities and recommend adoption where it adds value.
Contribute to reusable templates, themes, and report design standards across the BI portfolio.
Monitor usage and performance of published reports, identifying opportunities for improvement.
Support migration, consolidation, or rationalization of legacy reporting where applicable.


,

Required

What you bring (Qualifications):


4–7+ years of hands-on experience building dashboards, reports, and data models in Power BI.
Strong proficiency in DAX, Power Query (M), and Power BI data modeling best practices.
Solid SQL skills, with the ability to write and troubleshoot queries against enterprise data sources.
Experience working with large, enterprise-scale datasets and optimizing report performance.
Strong communication skills, with the ability to translate business needs into analytical requirements.


Preferred


Experience working with Databricks, Azure, or other cloud-based data platforms as report data sources.
Familiarity with data governance and catalog tools such as Atlan or equivalent.
Experience in retail, consumer goods, or digital commerce environments.
Power BI certifications (PL-300 or equivalent).


Success Measures


High-quality, reliable, and performant dashboards and reports with minimal defects.
Strong stakeholder satisfaction with report usability and responsiveness to requests.
Consistent application of metric definitions and design standards across the BI portfolio.
Growing adoption of self-service reporting capabilities by business users.
… more",2026-09-18
https://www.linkedin.com/jobs/view/4464031183/,Statistical Analyst | Abbott | LinkedIn,Abbott,https://www.linkedin.com/company/abbott-/life/,On-site,Full-time,"Gurgaon, Haryana, India",Reposted 3 days ago,Over 100 people clicked apply,"Primary Function / Primary Goals / Objectives :

The Statistical Analyst will review table mockups, CRFs and edit check specifications; work with biostatisticians and clinical staff to generate data tables, figures and listings; write and document programs; perform ad hoc programming; and perform QC tasks.

Major Responsibilities :

Responsible for implementing and maintaining the effectiveness of the quality system.


 Perform QC of tables, presentations and reports.
 Review CRFs, edit check specifications and table mock-ups.
 Assist in creation of table mockups under supervision of statisticians or senior statistical analysts
 Generate or validate table programs
 Perform adhoc programming with assistance from statisticians or senior statistical analysts
 Provide data listing or summary to Data Management for data cleaning
 Document programs and specifications
 Demonstrate knowledge of SAS data steps, procedures and macros
 Be able to use and modify existing macros
 Provide accurate and timely answers to routine questions
 Communicate an understanding of basic clinical principles for his/her project and acts in accordance with those principles.
 Inform supervisor or manager on important issues in a timely manner.


Education / Experience Required :

BS or BA with 3-5 years or MS with 18 months of related work experience

Accountability / Scope :

Position interacts with customers from clinical research. Effective communication with various levels of personnel is required regularly.

Problem Solving :

Position communicates an understanding of clinical trial principles for assigned projects and acts in accordance with those principles; effectively and persuasively presents programming concepts to customers within the project team.
… more",2026-09-18
