job_title,company,raw_location,city,state,country,experience,min_experience,max_experience,salary,min_salary,max_salary,job_description,key_skills,posted_date,posted,rating,reviews,job_url,scrape_date
Data Analyst,Capgemini,Bengaluru,Bengaluru,Karnataka,India,0 - 5 years,0.0,5.0,Not Disclosed,,,"Job Description


Works in the area of Software Engineering, which encompasses the development, maintenance and optimization of software solutions/applications.
1. Applies scientific methods to analyse and solve software engineering problems.
2. He/she is responsible for the development and application of software engineering practice and knowledge, in research, design, development and maintenance.
3. His/her work requires the exercise of original thought and judgement and the ability to supervise the technical and administrative work of other software engineers.
4. The software engineer builds skills and expertise of his/her software engineering discipline to reach standard software engineer skills expectations for the applicable role, as defined in Professional Communities.
5. The software engineer collaborates and acts as team player with other software engineers and stakeholders.




Job Description - Grade Specific

Has more than a year of relevant work experience. Solid understanding of programming concepts, software design and software development principles. Consistently works to direction with minimal supervision, producing accurate and reliable results. Individuals are expected to be able to work on a range of tasks and problems, demonstrating their ability to apply their skills and knowledge. Organises own time to deliver against tasks set by others with a mid term horizon. Works co-operatively with others to achieve team goals and has a direct and positive impact on project performance and make decisions based on their understanding of the situation, not just the rules.","Data Analyst, Software Development, Software Engineering, Programming, Software Engineer, Maintenance, Research, Software Design, Software Solutions, R",2026-09-03,3 weeks ago,3.6,57700.0,https://www.naukri.com/job-listings-data-analyst-capgemini-technology-services-india-limited-bengaluru-0-to-5-years-010926914859,2026-09-24
Data Analyst,Tata Consultancy Services,Gurugram,Gurugram,Haryana,India,6 - 11 years,6.0,11.0,Not Disclosed,,,"Roles and Responsibilities


Develop and maintain data models using Erwin/Snowflake to support business intelligence initiatives.

Collaborate with stakeholders to gather requirements for reporting needs, ensuring alignment with business objectives.

Provide expert-level support for Power BI reports and dashboards.

Utilize SQL skills to query large datasets and identify trends or patterns that inform business decisions.

Design, develop, and implement data warehousing solutions using Informatica ETL tools to extract, transform, and load (ETL) processes.","Power BI, Data Analytics, Stakeholder Management, R, SQL, ETL, Data Warehousing, Informatica, Snowflake, Business Intelligence, Dashboard, Dashboards, Reporting",2026-09-03,3+ weeks ago,3.2,122200.0,https://www.naukri.com/job-listings-data-analyst-tata-consultancy-services-gurugram-6-to-11-years-250826007901,2026-09-24
Data Analyst (English Required),Peroptyx,Delhi / NCR,Delhi / NCR,,India,0 - 5 years,0.0,5.0,Not Disclosed,,,"For thousands of years, maps have provided humans with the knowledge they need to make decisions. As a Maps Evaluator, you will have the opportunity to provide ground truth for your town, city or country.




At Peroptyx, we are looking for Data Analysts who will review mapping data for digital mapping applications. Your research capabilities will validate and ensure that the navigation of certain routes are accurate and safe.

As part of this role you will verify that business names and opening hours are correct. You will check that the distance from a starting point to an end destination is listed accurately resulting in better user experiences.




With this job you can plan your days around this highly flexible working schedule, work weekends or late evenings, all from the comfort of your own office. The flexibility of our roles minimizes the impact on your daily routine.

So, whether you are a student looking to earn as you learn, a retiree looking for a new challenge a part-time/full time professional or a work from home parent, Peroptyx has the right role for you!




Ideal Candidate

Fluent in English (Strictly Required)
Excellent research skills.
Excellent local knowledge of India.
Good understanding and general knowledge of the geography and culture of India.
Analytical mindset.



Job Requirements

Must be living in India for a minimum of 5 consecutive years.
Must pass an online open-book exam that can verify your full understanding of the material and concepts.
Experience with Pin Codes on the India Post website (www.indiapost.gov.in) and street view applications is required.
Must be willing to work a minimum of 10 hours and up to 20 hours per week depending on task availability.
Good working knowledge of search engines, map applications and familiarity with social media platforms.
Strong ability to learn, understand and apply multiple sets of different instructions.
All work must be of an independent nature.



Technical requirements to perform the work

Access to a laptop or computer which uses:
A logon account unique to you
Anti-virus solution that is kept up to date, with regular scans performed
Only one member per household may apply

NB. All products should be provided at your own expense.




Benefits

Work up to 20 hours per week.
Earn a competitive rate of pay.
Develop your research skills.
Avoid the long commute.
Work from the comfort of your home office.
Enjoy the flexibility of setting your own working hours!



Apply Online Today!","Data Analysis, English, Data Analytics, Data Mapping, R, Excel, Git",2026-09-23,1 day ago,3.4,19.0,https://www.naukri.com/job-listings-data-analyst-english-required-peroptyx-delhi-ncr-0-to-5-years-220926030919,2026-09-24
Data Analyst (English Required),Peroptyx,Mumbai (All Areas),Mumbai,Maharashtra,India,0 - 5 years,0.0,5.0,Not Disclosed,,,"For thousands of years, maps have provided humans with the knowledge they need to make decisions. As a Maps Evaluator, you will have the opportunity to provide ground truth for your town, city or country.




At Peroptyx, we are looking for Data Analysts who will review mapping data for digital mapping applications. Your research capabilities will validate and ensure that the navigation of certain routes are accurate and safe.

As part of this role you will verify that business names and opening hours are correct. You will check that the distance from a starting point to an end destination is listed accurately resulting in better user experiences.




With this job you can plan your days around this highly flexible working schedule, work weekends or late evenings, all from the comfort of your own office. The flexibility of our roles minimizes the impact on your daily routine.

So, whether you are a student looking to earn as you learn, a retiree looking for a new challenge a part-time/full time professional or a work from home parent, Peroptyx has the right role for you!




Ideal Candidate

Fluent in English (Strictly Required)
Excellent research skills.
Excellent local knowledge of India.
Good understanding and general knowledge of the geography and culture of India.
Analytical mindset.



Job Requirements

Must be living in India for a minimum of 5 consecutive years.
Must pass an online open-book exam that can verify your full understanding of the material and concepts.
Experience with Pin Codes on the India Post website (www.indiapost.gov.in) and street view applications is required.
Must be willing to work a minimum of 10 hours and up to 20 hours per week depending on task availability.
Good working knowledge of search engines, map applications and familiarity with social media platforms.
Strong ability to learn, understand and apply multiple sets of different instructions.
All work must be of an independent nature.



Technical requirements to perform the work

Access to a laptop or computer which uses:
A logon account unique to you
Anti-virus solution that is kept up to date, with regular scans performed
Only one member per household may apply

NB. All products should be provided at your own expense.




Benefits

Work up to 20 hours per week.
Earn a competitive rate of pay.
Develop your research skills.
Avoid the long commute.
Work from the comfort of your home office.
Enjoy the flexibility of setting your own working hours!



Apply Online Today!","Data Analysis, English, Data Analytics, Data Mapping, R, Excel, Git",2026-09-17,1 week ago,3.4,19.0,https://www.naukri.com/job-listings-data-analyst-english-required-peroptyx-mumbai-all-areas-0-to-5-years-110926024557,2026-09-24
Data Analyst,Thyrocare,Bengaluru,Bengaluru,Karnataka,India,1 - 3 years,1.0,3.0,7-9 Lacs P.A.,700000.0,900000.0,"Responsibilities : 

Data Analyst would be responsible for working closely with the Business Teams and helping them in making data driven decisions. This would require cross-communication between the Business Team, Product Team & Data Engineering as well. Apart from solving the business problem at hand, a Data Analyst would also be responsible for creating reports and dashboards, automating repeated tasks, sharing insights and learning basis the data exploration/mining

Getting business requirements from the respective Business Teams, identifying the
underlying business case and building a generalized solution
Extracting & Exploring the data from database and other sources that may exist,
cleaning the data for any issues/missing values also needs to be owned upon
Converting the cleaned data into actionable insights and sharing the same with relevant
Audience
Automation of data problems/solutions that occur recursively
Flagging to Data Engineering in case of data sanity issues are to be seen
Ensure that the action insights shared with the business teams are worked upon
Ensure new business requirements are thoroughly vetted and signed off
Knowledge sharing within the team and outside if required



What are we looking for ?

1 to 3 years of work experience in the relevant field, preferably in a consumer facing company
Proficient in SQL and/or HQ,  ability to handle complex/inner queries
Hands-on with Google Sheets / Microsoft Excel (basic data cleaning, pivoting and data exploration)
Must have worked on any one Data Visualization Tool (Tableau, Power BI, Microstrategy, Metabase etc)
Basic automation skills using Google Sheets or Microsoft Excel are expected
Working knowledge on handling data in R/Python is a plus
Communication skills to get the business requirements and give out the final insights
Data Inquisitiveness","Machine Learning, SQL, Python, Predictive Modeling, Decision Tree, Artificial Intelligence, Regression, Statistics, Forecasting, Random Forest, Xgboost, Predictive, Classification, Data Analysis, Time Series, Data Analytics, Predictive Analytics, R, Power BI, Tableau, Excel, Data Cleaning, Data Visualization, Dashboard, Dashboards, MIS",2026-09-23,1 day ago,3.7,1300.0,https://www.naukri.com/job-listings-data-analyst-thyrocare-bengaluru-1-to-3-years-100926013955,2026-09-24
DATA ANALYST,Godigi Infotech,Pune,Pune,Maharashtra,India,No fixed duration,,,Unpaid,,,"Get Daily Job & Internship Updates. Download Our App And Apply Instantly.




Download our mobile app to receive the latest job and internship updates every day. Apply quickly and stay ahead. Click the button below to download the app.


































Job description


As a Data Analyst intern at Maxgen Technologies Private Limited, you will have the opportunity to sharpen your skills in Data Analytics, Power BI, Data Analysis, and Tableau while working on real-world projects. You will be an integral part of our dynamic team, supporting our data-driven decision-making process and helping us drive business growth through insightful data analysis.





Key responsibilities:






Conduct data mining and analysis to identify trends and patterns in our datasets.


Develop interactive dashboards and reports using Power BI and Tableau to visualize key metrics and communicate findings to stakeholders.


Collaborate with cross-functional teams to gather requirements and provide data-driven recommendations.


Assist in data collection, cleaning, and transformation processes to ensure data quality and accuracy.


Support the implementation of data analytics tools and technologies to optimize data processing and reporting capabilities.


Stay updated on industry trends and best practices in data analytics to continuously improve our processes.


Present findings and recommendations to senior management in a clear and concise manner to drive informed decision-making.","Data analysis, MySQL, Data collection, Data processing, power bi, Data quality, Data analytics, Data mining, Internship, SQL, R, Tableau, SSIS, Dashboard, Dashboards, Reporting",2026-09-03,3+ weeks ago,4.6,7.0,https://www.naukri.com/job-listings-data-analyst-godigi-infotech-pune-0-to-1-years-130126506831,2026-09-24
Data Analyst,First American,Bengaluru,Bengaluru,Karnataka,India,1 - 3 years,1.0,3.0,3-4 Lacs P.A.,300000.0,400000.0,"Dear Candidates,




Exciting news from First American India!




We are hiring experienced professionals for the role of Data Analyst at our Bangalore Indira Nagar location.




Role: Data Analyst
Function: Business Intelligence
Experience Required: 1+ years
Work Location: Indira Nagar, Bangalore
Work Mode: Hybrid Minimum 3 days from office per week





Were Hiring | Data Analyst

Are you passionate about building modern, data-driven solutions and solving complex business problems?

We are looking for a Data Analyst with 1 to 3 years of experience who brings strong analytical, technical, and problem-solving capabilities. The ideal candidate will work closely with business and cross-functional teams to translate requirements into scalable solutions while supporting application quality and continuous improvement.

Position: Data Analyst
Experience: 1 to 3 Years
Education: Any Graduate
Employment Type: Full-Time, Permanent




Key Responsibilities:

Build, test, deploy, and maintain responsive web applications and reusable UI components.
Translate business and technical requirements into scalable and maintainable solutions.
Collaborate with Business Analysts, Product Owners, and cross-functional teams in an Agile environment.
Develop clean, secure, and well-documented code aligned with enterprise standards.
Develop and maintain unit, integration, and UI automated tests.
Troubleshoot production issues, conduct root-cause analysis, and implement effective fixes.
Prepare technical documentation, deployment guides, and knowledge-transfer documents.
Evaluate emerging technologies and contribute to continuous process improvement.




Required Technical Skills

React.js
JavaScript (ES6+)
HTML5 & CSS3
Python
SQL




What Were Looking For

Strong analytical and troubleshooting capabilities.
Excellent communication and stakeholder-management skills.
Ability to work independently as well as collaboratively in an Agile environment.
Strong learning agility and adaptability to new tools and technologies.
Focus on quality, security, accessibility, and application performance.","Data Analytics, Power BI, Data Visualization, Python, R, SQL, Excel, Business Intelligence",2026-09-23,1 day ago,3.5,1900.0,https://www.naukri.com/job-listings-data-analyst-first-american-bengaluru-1-to-3-years-230926038405,2026-09-24
Data Analyst,Paarsh Infotech,Nashik,Nashik,Maharashtra,India,0 - 1 years,0.0,1.0,Not Disclosed,,,"We are looking for a highly analytical and detail-oriented Data Analyst to join our team. In this role, you will collect, process, and analyze large datasets to help the company make data-driven decisions. You will collaborate with different departments to uncover business insights, generate actionable reports, and contribute to strategic planning through advanced data analysis."" , ""skills"":[""MySQL"" , ""Python"" , ""Tableau"" , ""PowerBI"" , ""Looker"" , ""ERL tools"",""JupiterNotebook""],""


Disclaimer: This job posting has been aggregated from external source. Role details, content, and availability are subject to change. Applicants are advised to confirm the latest information directly on the company website before applying.","Data analysis, tableau, Analytical, MySQL, Strategic planning, Data Analyst, Python, R, SQL, Looker",2026-09-19,5 days ago,2.2,73.0,https://www.naukri.com/job-listings-data-analyst-paarsh-infotech-nashik-0-to-1-years-180926504848,2026-09-24
Data Analyst,I2ispecialist Technologies,Pune,Pune,Maharashtra,India,0 - 3 years,0.0,3.0,Not Disclosed,,,"Full-Time | Experience: 0-3 Years


Skill Set:
Data visualization tools: Tableau, Power BI
Languages: Python, R, SQL
Other: Knowledge of statistical methods and their application, Strong analytical and problem-solving skills, attention to detail, good communication skills, ability to work with large datasets


Disclaimer: This job posting has been aggregated from external source. Role details, content, and availability are subject to change. Applicants are advised to confirm the latest information directly on the company website before applying.","python, tableau, visualization, power bi, data visualization, data analyst, communication skills, sql, R",2026-09-23,1 day ago,5.0,2.0,https://www.naukri.com/job-listings-data-analyst-i2ispecialist-technologies-pune-0-to-3-years-220926500050,2026-09-24
Data Analyst,Leaz Edutech,Bengaluru,Bengaluru,Karnataka,India,0 - 3 years,0.0,3.0,3.75-8.75 Lacs P.A.,375000.0,875000.0,"esResdexAI REXPremiumXReportsSearchProfiles saved for laterNo profiles saved for laterNow you can save the candidates in Resdex for your reference. All such profiles will be stored here.

Post a job

Hot VacancyJob detailsPreferred candidate detailsJob descriptionScreening questionsAdvanced options

Job posting form filled

Go to review pageJob description Role - Data AnalystLocation - Pune, IndiaShift Timings - 12:30 PM 9.30 PM ISTAs a Data Analyst at pulse, you will play a vital role in delivering data-driven solutions to meet diverse business requirements. You will utilise your technical expertise in analytical techniques, testing, and data interpretation to support investigative research and provide clear conclusions and recommendations to stakeholders. Your work will ensure safe, compliant, and reliable experimental operations, while actively contributing to continuous improvement initiatives.You will collaborate closely with stakeholders across the organisation to understand their needs, challenges, and opportunities, providing them with actionable insights. Using tools such as SQL, Python, Power BI, you will process, analyse, and communicate data effectively, presenting complex information in a clear and concise manner. Compliance with relevant data standards and policies will be a key responsibility, as will supporting data quality and governance initiatives.In addition, you will work alongside the data management and data science teams to enhance the businesss data capabilities and drive innovation. Youll support and be supported by activities in business analysis, data management, and digital innovation, ensuring the delivery of high-quality data solutions and improvements.Responsibilities -

Provide technical expertise in analytical techniques, testing, data interpretation and insight generation
Conduct investigative research and deliver conclusions and recommendations to interested parties.
Ensure safe, compliant, and reliable experimental operations.
Support continuous improvement across data-driven activities.
Process, analyse, and communicate data insights using SQL, Python, Power BI
Work with collaborators to understand requirements and deliver relevant, actionable information.
Ensure compliance with data standards and policies.
Support data quality and governance initiatives.
Collaborate with data management and data science teams to enhance data capabilities and innovation.

Experience

3+ years' experience in data analytics preferably within the energy or automotive sector
Bachelors degree or equivalent experience or equivalent in Mathematics, Statistics, Computer Science, Engineering, Economics, or a related quantitative field.
Experience in data analysis, reporting, and visualisation using SQL, Python, Power BI.
Demonstrated ability to design data stories that simplify complex concepts and clearly communicate insights to senior leaders and business teams.
Good understanding of data structures, models, and processes.
Experience working in Cloud Environments preferably Databricks and AWS
Good communication and interpersonal skills, with the ability to present / communicate complex data clearly.
Proven track record in analyzing data using statistical and machine learning techniques
Curiosity and passion for data, problem-solving, and continuous learning.
Knowledge of the electric vehicle and renewable energy sector is desirable but not essential.
Self-starter mentality and passionate about continuous improvement and process efficiency
Experience working independently and managing a busy workload, with the ability to demonstrate effective prioritization of work

Key Collaborators- C&P is a highly integrated and interconnected organization requiring close multi-functional and matrixed ways of working. You will be working across a number of existing business units and teams who are already engaged in enabling the launch of early customer offer propositions, product solutions and infrastructure seeking to rapidly learn and continuously improve our offer and insights.About your companyTe chnology is making a difference in s plans to invest in todays energy systems and help build tomorrow’s. We have a deep history of technical problem-solving and use advanced technologies across the business, from our remotely managed platform in the Caspian to advanced seismic imaging and biogas production. Technology provides a competitive edge in our oil and gas business and creates products that underpin our differentiated brands Ultimate and Aral. Our digital teams enable the underlying infrastructure from which our staff and sites operate and connect every day; protecting and safeguarding our systems, assets and people from digital threats; and leverage digital technology to deliver the products, platforms and services our business needs. Technology is driving value and returns for as an integrated energy company.EditBackNextRecruiter Helpline1800 102 555810:00 AM to 6:00 PM, Mon - SatContact UsRecruiter SolutionsHomeJobs & ResponsesResdexReportsInformationJobseeker HomeAbout UsClientsCareersTerms & ConditionsPrivacy policyFAQsSite MapLegalGrievancesSummons and NoticeTrust and SafetyWhitehatAll rights reserved @2026 Info Edge (India) Ltd.Help

Job review | Data Analyst

Job details

EditJob titleData AnalystDepartmentBusiness Intelligence & AnalyticsRoleData AnalystEmployment typeFull Time, PermanentWork modeHybridJob locationPune

Include candidates willing to relocate to above location(s)

Work experience3-6 yearsSalary 13 lacs - 16 lacs Annually (Fixed + Incentive)Industry you’re hiring forOil & GasNumber of vacancies5

Preferred candidate details

EditSkills required Data Analytics, Data Visualization, SQL, Power BiEducational degreeB.Tech / B.E. (Any Specialization)Candidate’s industryNot specifiedDiversity hiringWomenPerks and benefits offered to diverse candidatesMaternity leaves, Work from home, Employee Assistance Program (EAP), Childcare assistanceVideo profile needed from candidatesNo

Job description

Edit

Role - Data Analyst

Location - Pune, India

Shift Timings - 12:30 PM 9.30 PM IST

As a Data Analyst at pulse, you will play a vital role in delivering data-driven solutions to meet diverse business requirements. You will utilise your technical expertise in analytical techniques, testing, and data interpretation to support investigative research and provide clear conclusions and recommendations to stakeholders. Your work will ensure safe, compliant, and reliable experimental operations, while actively contributing to continuous improvement initiatives.

You will collaborate closely with stakeholders across the organisation to understand their needs, challenges, and opportunities, providing them with actionable insights. Using tools such as SQL, Python, Power BI, you will process, analyse, and communicate data effectively, presenting complex information in a clear and concise manner. Compliance with relevant data standards and policies will be a key responsibility, as will supporting data quality and governance initiatives.

In addition, you will work alongside the data management and data science teams to enhance the business’s data capabilities and drive innovation. You’ll support and be supported by activities in business analysis, data management, and digital innovation, ensuring the delivery of high-quality data solutions and improvements.

Responsibilities -

Provide technical expertise in analytical techniques, testing, data interpretation and insight generation
Conduct investigative research and deliver conclusions and recommendations to interested parties.
Ensure safe, compliant, and reliable experimental operations.
Support continuous improvement across data-driven activities.
Process, analyse, and communicate data insights using SQL, Python, Power BI
Work with collaborators to understand requirements and deliver relevant, actionable information.
Ensure compliance with data standards and policies.
Support data quality and governance initiatives.
Collaborate with data management and data science teams to enhance data capabilities and innovation.

Experience –

3+ years' experience in data analytics preferably within the energy or automotive sector
Bachelor’s degree or equivalent experience or equivalent in Mathematics, Statistics, Computer Science, Engineering, Economics, or a related quantitative field.
Experience in data analysis, reporting, and visualisation using SQL, Python, Power BI.
Demonstrated ability to design data stories that simplify complex concepts and clearly communicate insights to senior leaders and business teams.
Good understanding of data structures, models, and processes.
Experience working in Cloud Environments preferably Databricks and AWS
Good communication and interpersonal skills, with the ability to present / communicate complex data clearly.
Proven track record in analyzing data using statistical and machine learning techniques
Curiosity and passion for data, problem-solving, and continuous learning.
Knowledge of the electric vehicle and renewable energy sector is desirable but not essential.
Self-starter mentality and passionate about continuous improvement and process efficiency
Experience working independently and managing a busy workload, with the ability to demonstrate effective prioritization of work

Key Collaborators-

C&P is a highly integrated and interconnected organization requiring close multi-functional and matrixed ways of working. You will be working across a number of existing business units and teams who are already engaged in enabling the launch of early customer offer propositions, product solutions and infrastructure – seeking to rapidly learn and continuously improve our offer and insights.

Role: Data AnalystIndustry Type: Oil & GasDepartment: Data Science & AnalyticsEmployment Type: Full Time, PermanentRole Category: Business Intelligence & AnalyticsEducationUG: B.Tech / B.E. in Any SpecializationKey SkillsSkills highlighted with ‘‘ are preferred keyskillsPower BiData VisualizationData AnalyticsSQLPythonSql JoinsDashboards","Data Analytics, Power BI, Artificial Intelligence, Data Visualization, Machine Learning, SQL, Python, R, Data Analysis, EDA, Statistics, SSIS, AWS, Business Intelligence, Business Analysis, Dashboard, Dashboards, Reporting, Git, API, Data Quality",2026-09-19,5 days ago,,,https://www.naukri.com/job-listings-data-analyst-leaz-edutech-bengaluru-0-to-3-years-190626020642,2026-09-24
Data Analyst - Walk In Drive - Friday,Simply Vyapar Apps,Bengaluru,Bengaluru,Karnataka,India,0 - 3 years,0.0,3.0,5-10 Lacs P.A.,500000.0,1000000.0,"Data Analyst - Tech 2 to 4 Years

Full Time - Bengaluru


About Vyapar:


We are a technology and innovation company in the fintech space, delivering business accounting software to Micro, Small & Medium Enterprises (MSMEs). With more than 10 Million users across 140
countries, we are one of the fastest growing companies in this space. We take the complexity out of invoicing, inventory management & accounting, making it so simple, such that small businesses can
spend less time on manual book keeping and spend more time focusing on areas of business that matter.


Role Summary:
We are looking to hire a Data Analyst who will help our teams make data backed decisions by doing data analysis, KPI reporting and data visualization. To do well in this role you need a very fine eye for
detail, experience as a data analyst, and deep understanding of the popular data analysis tools and techniques.


Key Responsibilities:
Interpret data, analyze results and provide ongoing reports.
Develop analytics dashboards
KPI reporting for different verticals
Acquire data from primary or secondary data sources and maintain databases/data systems.
Work with different departments on their data visualization and analysis needs
Taking out meaningful insights from the data
Desired Skill & Requirements
Technical expertise regarding data models, database design development, data mining and
segmentation techniques.
Knowledge of statistics and experience using statistical packages for analysing datasets (Excel, Python, SQL, R).
Strong analytical skills with the ability to collect, organize, analyse, and disseminate significant
amounts of information with attention to detail and accuracy.
Adept at queries, report writing and presenting findings.
Good written and verbal communication skills.
Experience on techniques like - A/B Testing, ANOVA, Probability Distributions, Regression Analysis
Ability to work with large amounts of data

Experience:
Preferred 2 to 4 years of relevant experience in data analysis.
Preferred: 1 year of experience in SQL.
Background in a product company and/or startup experience is a plus.


Education:
A full time Bachelors degree from a top tier university.




Interested candidates can reach out to me at 7411873505 -Chandana L","SQL, Python, Power BI, R, Excel, Data Analysis, Data Visualization, Data Mining, Statistics, Regression Analysis, A/B Testing, KPI, Dashboard, Dashboards, Reporting",2026-09-23,1 day ago,3.6,728.0,https://www.naukri.com/job-listings-data-analyst-walk-in-drive-friday-simply-vyapar-apps-bengaluru-0-to-3-years-230926025244,2026-09-24
Data Analyst,AVA Technology,Hybrid,Hybrid,,India,0 - 2 years,0.0,2.0,Not Disclosed,,,"Analyze complex data sets to identify trends and patterns, providing insights to stakeholders.
Develop and maintain databases, spreadsheets, and reports to track key performance indicators.
Collaborate with cross-functional teams to design and implement data-driven solutions.
Communicate findings and recommendations to senior management through clear and concise reports.
Identify areas for process improvement and implement changes to increase efficiency.
Stay up-to-date with industry trends and emerging technologies to continuously improve skills.





Disclaimer: This job posting and Location has been aggregated from external source. Role details, content, and availability are subject to change. Applicants are advised to confirm the latest information directly on the company website before applying.","python, macros, data analysis, data analytics, sas, natural language processing, data mining, predictive analytics, machine learning, sql, analytics, excel, tableau, r, data science, vba, predictive modeling, data visualization, statistics",2026-09-17,1 week ago,4.8,81.0,https://www.naukri.com/job-listings-data-analyst-ava-technology-hybrid-0-to-2-years-150926502828,2026-09-24
Data Analyst,Ford Business Solutions,Chennai,Chennai,Tamil Nadu,India,5 - 10 years,5.0,10.0,Not Disclosed,,,"Responsible for maintaining dashboards and circulating the reports.
As we are moving away from Alteryx, team members would be responsible for identifying feasible options from Flow craft, Python to migrate the workflows from Alteryx to continuously fetch / blend the data for ingestion into dashboards or reports for broader team''s daily use.
For data visualization, we are moving from Qlik Sense to Power BI. Should be able to convert the visual layers in Power BI.
Reports developed using Alteryx to be converted / migrated using Flow craft or Python.
Convert current Qlik sense dashboard to power BI
Support with automation using Python / Power automate
Bachelors degree.
Minimum 5 yearsexperience with descriptive analytics supporting reports, dashboards automation.
SG5 preferred. SG6 can also apply.
Six sigma, Lean or continuous improvement mindset will be an added advantage.
Experience with data analytics tools like Flow Craft, Data flow, Power BI, Power Automate, GCP.
Good communication both written and oral to share the findings.","Alteryx, Visualization, Automation, Power Bi, Craft, Qlik Sense, Workflows, Sigma, Dashboard, Data Analyst, Analytics, Six Sigma, Gcp, Data Flow, Data Visualization, Power Automate, Qlik, Data Analytics, Python, R, Dashboards",2026-09-23,1 day ago,4.0,861.0,https://www.naukri.com/job-listings-data-analyst-ford-motor-private-limited-chennai-5-to-10-years-230926930158,2026-09-24
Data Analyst,Wipro,Pune,Pune,Maharashtra,India,4 - 9 years,4.0,9.0,10-13 Lacs P.A.,1000000.0,1300000.0,"Email your resume to vyshnavi@wissenpro.com




Adobe Analytics | Snowflake | Python | Power BI




Adobe Analytics, Snowflake, Python, Advanced Excel, Power BI, Reporting, Data Analysis




Hiring a Marketing Analyst / Data Analyst with strong hands-on experience in Adobe Analytics, Snowflake, Python, Advanced Excel, and Power BI. The ideal candidate should be skilled in marketing data analysis, reporting, dashboard development, data interpretation, and delivering actionable business insights.","Power BI, Snowflake, Advance SQL, Adobe Analytics, Python, Adobe Workfront, Reporting, Data Analytics, Adobe Suite, R, Excel, Advanced Excel, Data Analysis, Dashboard",2026-09-17,1 week ago,,,https://www.naukri.com/job-listings-data-analyst-wissenpro-it-solutions-pune-4-to-9-years-040726011583,2026-09-24
Data Analyst,Adani Group,Ahmedabad,Ahmedabad,Gujarat,India,1 - 6 years,1.0,6.0,Not Disclosed,,,"Key Responsibilities




Audit Findings Tracking & Compliance

Track the closure status of audit findings and proactively coordinate with stakeholders to ensure timely resolution of identified observations.
Maintain comprehensive documentation, monitor evidence submissions, and provide regular management updates to support successful audit compliance closure.

Stakeholder Management

Collaborate with business and IT stakeholders to gather reporting requirements, clarify expectations, and drive alignment.
Coordinate with multiple business units and functional teams to ensure timely data submission, review, and sign-off.
Prepare clear updates and management-ready summaries for governance forums and leadership reviews.

Project Management & Coordination

Track project deliverables, timelines, dependencies, risks, and action items across internal teams and external partners.
Maintain structured trackers and follow-up mechanisms to ensure visibility of progress and closure status.
Support planning, coordination, and governance cadence for O3-related initiatives and reporting deliverables.

Group Governance Coordination

Support group-level governance initiatives by tracking KPIs, compliance metrics, reporting standards, and follow-up actions.
Ensure adherence to defined governance frameworks, documentation standards, and review mechanisms.

Partner SLA & KPI Tracking

Monitor partner/vendor SLAs and KPIs, including service performance, uptime, response time, delivery metrics, and compliance status.

Audit Findings Tracking & Compliance

Monitor audit finding closure status and follow up with responsible stakeholders for timely remediation.
Ensure proper documentation, evidence tracking, and management updates for audit compliance closure.



Only candidates with the relevant skillset and experience are requested to connect - Joy.Saha@adani.com","Excel, Power BI, Artificial Intelligence, Stakeholder Management, Python, Data Analytics, R, KPI, KPIs, Reporting, MIS",2026-09-23,1 day ago,3.8,2700.0,https://www.naukri.com/job-listings-data-analyst-adani-group-ahmedabad-1-to-6-years-230926020391,2026-09-24
Data Analyst,Esskay International,Mumbai (All Areas),Mumbai,Maharashtra,India,0 - 5 years,0.0,5.0,2.5-3.75 Lacs P.A.,250000.0,375000.0,"Role & responsibilities

Analyze complex data sets to identify trends and patterns.
Commissioning and decommissioning of data sets
Design, build and maintain dashboards and reports
Reporting & MIS
Data Quality & Governance
Collaborate with cross-functional teams to integrate data into business operations
Stay up-to-date with industry trends and best practices



Required Candidate profile

Advanced MS Excel
VLOOKUP/XLOOKUP, Pivot Tables, Power Query preferred
Basic SQL preferred
Dashboarding/Power BI preferred



Perks and benefits

Working 6 days a week, Alternate saturdays off
Group Health Insurance for employees
Additional Incentive for performance
Equability - Absence of favoritism in hiring and promotions



Timings

Monday to Saturday - 10:00 am to 6:00 pm

2nd and 4th saturdays off","Power BI, Data Management, Data Analysis, Data Visualization, Data Analytics, Dashboards, Digital Analytics, R, SQL, Excel, VLOOKUP, XLOOKUP, Pivot Table, Power Query, Dashboard, Reporting, MIS, Data Quality",2026-09-23,1 day ago,4.7,14.0,https://www.naukri.com/job-listings-data-analyst-esskay-international-mumbai-all-areas-0-to-5-years-230926043058,2026-09-24
Data Analyst,Vgen Software Solutions,Coimbatore,Coimbatore,Tamil Nadu,India,0 - 3 years,0.0,3.0,Not Disclosed,,,"Job Summary

We are looking for a skilled and detail-oriented Data Analyst to join our team. The candidate should have strong hands-on experience in Advanced Excel, Power BI, and SQL, with the ability to analyze data, identify trends, prepare reports, and provide meaningful business insights.




Key Responsibilities

Analyze and interpret large datasets to identify trends, patterns, and insights.
Prepare and maintain reports and dashboards using Advanced Excel and Power BI.
Perform data cleaning, validation, transformation, and reconciliation.
Create and maintain Excel-based reports using advanced formulas and functions.
Work with VLOOKUP, HLOOKUP, XLOOKUP, INDEX-MATCH, Pivot Tables, Power Query, IF functions, and other advanced Excel features.
Write and execute SQL queries to extract, filter, join, and analyze data from databases.
Develop interactive dashboards and visualizations using Power BI.
Perform data validation and ensure accuracy and consistency across reports.
Collaborate with stakeholders to understand reporting and data requirements.
Prepare ad-hoc reports and analysis based on business requirements.
Document reporting processes and maintain proper data/reporting documentation.



Required Skills

Strong proficiency in Advanced Excel.
Hands-on experience with:
VLOOKUP / HLOOKUP / XLOOKUP
INDEX-MATCH
Pivot Tables & Pivot Charts
Conditional Formatting
Advanced Excel formulas
Power Query
Data Validation and Data Cleaning
Good knowledge of Power BI, including dashboard creation and data visualization.
Strong understanding of SQL and database concepts.
Knowledge of SQL queries such as SELECT, WHERE, JOIN, GROUP BY, ORDER BY, subqueries, etc.
Good analytical and problem-solving skills.
Strong attention to detail and data accuracy.
Good communication and stakeholder management skills.



Preferred Skills

Knowledge of Power BI data modeling.
Experience with ETL/data transformation processes.
Knowledge of Python for data analysis is an added advantage.
Experience working with large datasets is preferred.



Qualifications

Bachelor's degree in Computer Science, Information Technology, Engineering, Statistics, Mathematics, Business Analytics, or a related field.
1 to 4 years of relevant experience in Data Analytics, Business Analytics, MIS, or Reporting.



What Were Looking For

A candidate who is strong in Excel, comfortable with SQL, and capable of creating meaningful Power BI dashboards, with a willingness to learn and work with business stakeholders.","Power BI, Advanced Excel, SQL, Data Visualization, Python, Data Cleansing, Data Extraction, Machine Learning, Statistics, Data Manipulation, Data Processing, Data Analytics, Data Reporting, R, Excel, VLOOKUP, XLOOKUP, Pivot Table, Power Query, Data Analysis, Data Cleaning, ETL, Data Transformation, Data Modeling, Dashboard, Dashboards, Reporting, MIS, Data Validation",2026-09-23,1 day ago,,,https://www.naukri.com/job-listings-data-analyst-vgen-software-solutions-coimbatore-0-to-3-years-230926000040,2026-09-24
Data Analyst,EYAMCO GLOBAL PVT LTD.,Kozhikode( Palayam ),Kozhikode,Kerala,India,0 - 4 years,0.0,4.0,2-4 Lacs P.A.,200000.0,400000.0,"Job Title: Data Analyst
Company: Eyamco Global
Location: Kozhikode, Kerala
Employment Type: Full-time | Work from Office
Preferred Experience: 24 years

Role Overview

EYAMCO Global is seeking a detail-oriented Data Analyst to support its management team through accurate reporting, performance analysis, and interactive dashboards. Based at our Kozhikode office, you will work closely with finance, recruitment, HR, and operations teams to turn business data into clear insights that support planning and decision-making.

Key Responsibilities

Collect, clean, consolidate, and validate data from spreadsheets, ERP systems, recruitment platforms, and other business applications.
Develop and maintain Excel reports and Power BI dashboards to monitor departmental and company performance.
Track recruitment and manpower metrics, including candidate pipelines, placements, deployment status, turnaround times, and recruiter productivity.
Analyse revenue, operating costs, profitability, outstanding receivables, and budget variances using information provided by the finance team.
Identify trends, performance gaps, unusual transactions, and data inconsistencies, and present findings to the relevant teams.
Prepare daily, weekly, and monthly reports, highlighting key results, exceptions, and recommended actions.
Work with department heads to define KPIs, standardise reporting formats, and maintain consistent data definitions.
Automate recurring reports and improve data collection processes to reduce manual work and reporting errors.
Reconcile reports against source records and resolve discrepancies before submitting information to management.
Maintain confidentiality and appropriate access controls when handling employee, candidate, client, and financial information.

Qualifications and Skills

Bachelor’s degree in Statistics, Mathematics, Computer Science, Data Analytics, Economics, Finance, or a related discipline.
Preferably 2–4 years of experience in data analysis, MIS reporting, business intelligence, or a similar role.
Strong Microsoft Excel skills, including PivotTables, advanced formulas, lookup functions, and Power Query.
Practical experience with Power BI, including data modelling, dashboard development, and DAX.
Working knowledge of SQL for extracting, combining, and validating data.
Ability to interpret financial and operational information and explain findings in clear business terms.
Strong attention to detail, problem-solving ability, and ownership of reporting accuracy and deadlines.
Good written and verbal communication skills in English.

Preferred Experience

Experience in recruitment, manpower services, staffing, or other service-based businesses.
Familiarity with ERP, CRM, HRMS, or applicant tracking systems.
Experience supporting overseas operations or working with multiple departments.
Knowledge of AI, Python for data analysis or reporting automation would be an advantage.","Data Analysis, Power BI, Data Visualization, Tableau, Data Warehousing, Dashboards, Data Analytics, SQL, Python, R, Excel, Power Query, DAX, Statistics, Business Intelligence, KPI, KPIs, Dashboard, Reporting, MIS, MIS Reporting",2026-09-17,1 week ago,,,https://www.naukri.com/job-listings-data-analyst-makkah-hypermarkets-kozhikode-0-to-4-years-140926017124,2026-09-24
Data Analyst,Extension Technologies Faridabad,Faridabad( Sector 28 ),Faridabad,Haryana,India,0 - 4 years,0.0,4.0,1-6 Lacs P.A.,100000.0,600000.0,"Key Responsibilities:

Collect, clean, and analyze data from multiple sources, including Zoho, CRM, ERP

systems, and internal databases.

Develop and maintain dashboards and reports using tools such as Power BI, Tableau, or

Zoho Analytics.

Identify business trends and opportunities by analyzing sales, marketing, finance, and

operational data.

Collaborate with departments to understand their data needs and deliver actionable insights.
Create and automate data pipelines using SQL, scripts, or integration tools.
Ensure data integrity and accuracy across Zoho, CRM, and ERP platforms.
Work with IT and business users to optimize data flow and system performance across

platforms.

Track KPIs and provide analytical support for strategic initiatives.
Present findings and recommendations to stakeholders in a clear and data-driven manner.

Required Qualifications:

Bachelors degree in Data Science, Statistics, Mathematics, Computer Science, Business,

or a related field.

2+ years of experience as a Data Analyst or in a similar analytical role.
Hands-on experience with Zoho CRM, Zoho Analytics, and ERP systems.
Strong proficiency in Advance SQL (CTE, Window Functions, Subqueries & Joins), data manipulation in Excel, and data visualization tools.
Solid understanding of relational databases and data modeling.
Excellent communication skills and the ability to present complex data insights to non-technical stakeholders.
High attention to detail and strong problem-solving abilities.



What We Offer:

Competitive salary and benefits.
Hybrid or remote work flexibility.
A collaborative and tech","Power BI, SQL, Python, Data Analysis, Tableau, Data Analytics, R, Excel, Data Visualization, Statistics, Data Pipeline, Data Pipelines, Data Modeling, KPI, KPIs, Dashboard, Dashboards",2026-09-18,6 days ago,1.9,14.0,https://www.naukri.com/job-listings-data-analyst-extension-technologies-faridabad-faridabad-0-to-4-years-170926027097,2026-09-24
Data Analyst - Power Transformer,Hitachi Energy,Vadodara,Vadodara,Gujarat,India,2 - 7 years,2.0,7.0,Not Disclosed,,,"Data Analyst - Power Transformer

The opportunity

As a Data AnalyticsEngineer at the Global Engineering Center in Vadodara, India, youll be part of a dynamic team that values innovation, diversity, and collaboration. The Transformers Business Unit is leading the way in energy transformation, delivering advanced solutions across a wide range of industries.

This role offers a unique opportunity to work alongside experts from diverse backgrounds, united by a shared commitment to building a sustainable future.

How youll make an impact

Create a Data Analysis system for various projects and utilize it for business case analysis as well as KPIs.
Automate the KPIs /metrics and analyse data to provide insights in improving the business.
Create reports to show standardization results in designs, and implementation results for various development projects.
Analyze test vs calculated performance data provided by existing data warehouse tools or create new tools/reports to provide insights and also help reduce test failures.
Automate the repeat data analysis often done in excel and local queries so we support the business long term and preserve knowledge.
Analyze Margin and Schedule Slippage and provide data regarding trends and projections
Identify cost saving ideas from data analysis.
Coordinate tasks/activities within a worldwide factories network.
Implementation of new softwares related to engineering
Supporting existing IT systems (e.g. cPLM, SAP) related to engineering
Demonstrated team building skills and networking skills, would be a preference.
Ability to speak with and work together with the technical teams in different parts of the world.
Living Hitachi Energys core values of safety and integrity, which means taking responsibility for your own actions while caring for your colleagues and the business.
Responsible to ensure compliance with applicable external and internal regulations, procedures, and guidelines.

Your background

Graduate in Mechanical, Electrical or Data Science Engineering having 2-7 years of experience
Experience with Microsoft SQL Mandatory.
Experience with Power BI, Excel Power Automate Mandatory.
Experience with Power Apps SAP skill a plus
Experience performing Data analysis is mandatory.
Experience in cPLM/Windchill will have added advantages.
Knowledge of programming languages like Python, Excel-VBA will have added advantage
Transformer experience is preferred but not mandatory.
Good English written and spoken skills
Ability to speak with and work together with the technical teams in different parts of the world.
Demonstrated team building skills, would be a preference.
Proficiency in both spoken written English language is required.","analytics, data warehouse, python, transformers, case analysis, data analysis, data analytics, sap, networking skills, power bi, networking, programming languages, data analyst, sql, data science, compliance, it systems, power automate, programming, R, Excel, KPI, KPIs",2026-09-22,2 days ago,4.0,1200.0,https://www.naukri.com/job-listings-data-analyst-power-transformer-hitachi-energy-india-limited-vadodara-2-to-7-years-210926924199,2026-09-24
